"Fecha","Cierre","Apertura","Máximo","Mínimo","Vol.","% var."
"17.10.2022","22.6993","22.5192","22.8629","22.4485","268.31K","0.82%"
"16.10.2022","22.5152","22.5651","22.6404","22.4846","12.73K","0.43%"
"14.10.2022","22.4193","22.6417","22.6937","22.3846","335.30K","-0.88%"
"13.10.2022","22.6178","22.2022","22.7516","22.1066","297.96K","2.05%"
"12.10.2022","22.1643","22.0267","22.2647","21.9548","322.93K","0.69%"
"11.10.2022","22.0122","22.0760","22.3254","21.9850","309.94K","-0.21%"
"10.10.2022","22.0584","22.2236","22.2505","22.0086","314.92K","-0.59%"
"07.10.2022","22.1902","22.4613","22.5532","22.1649","294.13K","-1.11%"
"06.10.2022","22.4387","22.7336","22.8036","22.3549","321.02K","-1.20%"
"05.10.2022","22.7109","22.9116","22.9457","22.5986","312.47K","-0.82%"
"04.10.2022","22.8978","22.6819","22.9436","22.5922","308.16K","1.05%"
"03.10.2022","22.6606","22.4886","22.7022","22.2938","322.44K","0.82%"
"30.09.2022","22.4762","22.4173","22.5942","22.2075","317.15K","0.33%"
"29.09.2022","22.4023","21.9163","22.4339","21.7544","338.08K","2.28%"
"28.09.2022","21.9023","21.8666","22.2004","21.5495","349.05K","0.25%"
"27.09.2022","21.8472","21.8106","22.0287","21.7308","340.14K","0.25%"
"26.09.2022","21.7931","21.9326","22.1667","21.0413","335.27K","-0.52%"
"23.09.2022","21.9063","22.4578","22.4760","21.8904","296.57K","-2.34%"
"22.09.2022","22.4303","22.5597","22.6043","22.4089","297.02K","-0.49%"
"21.09.2022","22.5405","22.7626","22.7831","22.5028","274.47K","-0.87%"
"20.09.2022","22.7387","22.7819","22.9027","22.7006","220.61K","-0.08%"
"19.09.2022","22.7565","22.8748","22.9472","22.7541","202.70K","-0.44%"
"16.09.2022","22.8582","23.0198","23.0514","22.8378","226.67K","-0.60%"
"15.09.2022","22.9968","23.0267","23.0893","22.9540","244.90K","-0.02%"
"14.09.2022","23.0011","23.0774","23.1958","22.9942","257.32K","-0.25%"
"13.09.2022","23.0578","23.1782","23.3020","23.0533","238.97K","-0.40%"
"12.09.2022","23.1509","23.0608","23.2530","23.0533","183.22K","0.52%"
"09.09.2022","23.0303","22.9706","23.1719","22.9545","241.14K","0.35%"
"08.09.2022","22.9499","23.0298","23.1362","22.9268","238.07K","-0.29%"
"07.09.2022","23.0168","23.1926","23.2097","22.9235","245.96K","-0.64%"
"06.09.2022","23.1659","23.0317","23.2615","23.0266","260.78K","0.69%"
"05.09.2022","23.0078","22.9753","23.0543","22.8575","190.75K","0.33%"
"02.09.2022","22.9323","23.2981","23.3391","22.9435","218.42K","-1.50%"
"01.09.2022","23.2819","23.4088","23.4794","23.2733","249.53K","-0.51%"
"31.08.2022","23.4007","23.4900","23.5506","23.3360","234.66K","-0.33%"
"30.08.2022","23.4790","23.4442","23.5539","23.3326","251.16K","0.26%"
"29.08.2022","23.4187","23.5362","23.5462","23.3834","198.27K","-0.40%"
"26.08.2022","23.5116","23.5860","23.6632","23.4169","190.17K","-0.20%"
"25.08.2022","23.5583","23.4890","23.6143","23.4622","213.19K","0.40%"
"24.08.2022","23.4643","23.6418","23.6668","23.4426","194.62K","-0.69%"
"23.08.2022","23.6277","23.7011","23.7593","23.5592","222.53K","-0.25%"
"22.08.2022","23.6865","23.8402","23.9016","23.6586","217.04K","-0.61%"
"19.08.2022","23.8314","24.0040","24.0735","23.8126","219.49K","-0.64%"
"18.08.2022","23.9841","24.0760","24.1392","23.9872","221.82K","-0.31%"
"17.08.2022","24.0579","24.0812","24.2426","24.0543","208.13K","-0.01%"
"16.08.2022","24.0614","23.9149","24.1766","23.8608","200.50K","0.70%"
"15.08.2022","23.8946","24.0822","24.1842","23.8931","177.50K","-0.66%"
"12.08.2022","24.0526","24.3466","24.3598","24.0534","218.72K","-1.16%"
"11.08.2022","24.3361","24.4933","24.5107","24.3052","225.59K","-0.55%"
"10.08.2022","24.4696","24.4346","24.5941","24.3722","249.55K","0.19%"
"09.08.2022","24.4233","24.4648","24.5798","24.4207","215.84K","-0.10%"
"08.08.2022","24.4479","24.6574","24.6840","24.4425","180.00K","-0.78%"
"05.08.2022","24.6405","24.7377","24.7606","24.5177","214.61K","-0.32%"
"04.08.2022","24.7205","24.8624","24.9191","24.5676","222.73K","-0.49%"
"03.08.2022","24.8418","25.3075","25.3256","24.8088","231.23K","-1.74%"
"02.08.2022","25.2807","24.9629","25.3433","24.8908","257.54K","1.33%"
"01.08.2022","24.9480","24.7764","25.0186","24.7386","216.93K","0.77%"
"29.07.2022","24.7578","24.6828","24.8462","24.4745","222.83K","0.32%"
"28.07.2022","24.6787","24.7847","24.8629","24.6213","250.66K","-0.42%"
"27.07.2022","24.7820","24.6098","24.8155","24.5746","207.09K","0.81%"
"26.07.2022","24.5839","24.6556","24.7086","24.5112","214.30K","-0.22%"
"25.07.2022","24.6379","24.6592","24.7290","24.5658","216.84K","0.01%"
"22.07.2022","24.6353","24.7458","24.8032","24.5742","222.47K","-0.37%"
"21.07.2022","24.7260","24.5916","24.7857","24.4480","260.02K","0.62%"
"20.07.2022","24.5748","24.6198","24.7283","24.5021","229.01K","-0.12%"
"19.07.2022","24.6033","24.4689","24.6483","24.3859","213.48K","0.66%"
"18.07.2022","24.4420","24.3363","24.5599","24.2875","206.72K","0.46%"
"15.07.2022","24.3298","24.5951","24.7187","24.3295","225.30K","-1.01%"
"14.07.2022","24.5779","24.6507","24.7960","24.5516","240.97K","-0.23%"
"13.07.2022","24.6352","24.7885","24.8996","24.5970","222.15K","-0.57%"
"12.07.2022","24.7760","24.6516","24.8216","24.6183","226.87K","0.53%"
"11.07.2022","24.6447","24.6126","24.7328","24.5051","210.65K","0.24%"
"08.07.2022","24.5868","24.6688","24.7137","24.4536","242.73K","-0.24%"
"07.07.2022","24.6467","24.6313","24.7801","24.5891","237.28K","0.10%"
"06.07.2022","24.6216","24.5399","24.7531","24.4905","265.52K","0.37%"
"05.07.2022","24.5312","24.5445","24.6318","24.3964","249.54K","0.03%"
"04.07.2022","24.5247","24.5119","24.7034","24.5029","173.82K","0.14%"
"01.07.2022","24.4916","24.4780","24.5501","24.2878","216.68K","0.14%"
"30.06.2022","24.4584","24.4086","24.6422","24.3669","221.27K","0.30%"
"29.06.2022","24.3846","24.5327","24.6084","24.3438","231.65K","-0.52%"
"28.06.2022","24.5126","24.4361","24.5872","24.3470","242.29K","0.39%"
"27.06.2022","24.4176","24.3631","24.5151","24.3459","206.24K","0.32%"
"24.06.2022","24.3401","24.5384","24.6512","24.3505","199.92K","-0.73%"
"23.06.2022","24.5200","24.5966","24.6654","24.4231","254.79K","-0.27%"
"22.06.2022","24.5863","24.7008","24.7651","24.5333","200.44K","-0.43%"
"21.06.2022","24.6932","24.8670","24.8885","24.6800","182.56K","-0.58%"
"20.06.2022","24.8381","24.8797","24.8904","24.7551","179.27K","-0.04%"
"17.06.2022","24.8481","25.2149","25.2629","24.7815","270.92K","-1.37%"
"16.06.2022","25.1940","24.6714","25.4352","24.6072","285.70K","2.19%"
"15.06.2022","24.6544","24.7031","25.0136","24.6327","235.40K","-0.13%"
"14.06.2022","24.6866","24.8155","24.9973","24.6407","236.60K","-0.48%"
"13.06.2022","24.8048","24.6161","24.9360","24.5590","213.07K","0.94%"
"10.06.2022","24.5738","24.5788","24.6663","24.4513","193.50K","0.09%"
"09.06.2022","24.5516","24.5502","24.6205","24.4361","177.29K","0.10%"
"08.06.2022","24.5263","24.6594","24.6866","24.5261","176.20K","-0.49%"
"07.06.2022","24.6473","24.5289","24.7080","24.3206","194.62K","0.57%"
"06.06.2022","24.5087","24.4421","24.6125","24.3731","169.12K","0.41%"
"03.06.2022","24.4078","24.5728","24.6022","24.3897","135.09K","-0.57%"
"02.06.2022","24.5484","24.5984","24.6583","24.5092","146.51K","-0.14%"
"01.06.2022","24.5833","24.7719","24.8500","24.5705","177.43K","-0.72%"
"31.05.2022","24.7613","24.7456","24.8853","24.6066","194.01K","0.15%"
"30.05.2022","24.7244","24.7047","24.7755","24.5354","139.10K","0.17%"
"27.05.2022","24.6832","24.8986","25.0322","24.6625","187.90K","-0.82%"
"26.05.2022","24.8885","24.9216","25.0061","24.8202","200.44K","-0.04%"
"25.05.2022","24.8993","24.8661","24.9739","24.8297","226.68K","0.21%"
"24.05.2022","24.8482","25.0142","25.0777","24.7136","216.64K","-0.56%"
"23.05.2022","24.9890","24.7901","25.0426","24.7836","197.28K","0.82%"
"20.05.2022","24.7860","24.8442","24.9179","24.7281","214.90K","-0.15%"
"19.05.2022","24.8228","24.7374","24.9519","24.7003","242.88K","0.44%"
"18.05.2022","24.7138","24.9121","24.9517","24.6453","210.22K","-0.72%"
"17.05.2022","24.8926","24.6727","24.9704","24.6597","213.78K","0.94%"
"16.05.2022","24.6599","24.6011","24.7163","24.5538","205.11K","0.12%"
"13.05.2022","24.6299","24.7044","24.7173","24.5667","224.73K","-0.26%"
"12.05.2022","24.6937","24.9113","24.9791","24.6567","283.16K","-0.72%"
"11.05.2022","24.8736","25.1311","25.1663","24.8581","244.85K","-0.97%"
"10.05.2022","25.1172","25.1505","25.2218","24.9704","267.21K","-0.05%"
"09.05.2022","25.1306","24.8620","25.1873","24.8099","229.04K","1.17%"
"06.05.2022","24.8405","25.0239","25.0603","24.7975","263.03K","-0.65%"
"05.05.2022","25.0025","25.2820","25.3260","24.7841","245.70K","-1.02%"
"04.05.2022","25.2597","25.3664","25.4123","25.2003","195.21K","-0.36%"
"03.05.2022","25.3507","25.5704","25.6294","25.3065","193.70K","-0.82%"
"02.05.2022","25.5591","25.7103","25.7300","25.4944","167.61K","-0.39%"
"29.04.2022","25.6587","25.4731","25.7048","25.4385","223.82K","0.80%"
"28.04.2022","25.4551","25.5886","25.6709","25.4005","204.27K","-0.44%"
"27.04.2022","25.5677","25.6959","25.7626","25.5389","204.71K","-0.47%"
"26.04.2022","25.6872","25.7598","25.8484","25.6203","209.94K","-0.20%"
"25.04.2022","25.7399","26.0233","26.1159","25.6822","231.99K","-0.82%"
"22.04.2022","25.9538","26.2871","26.3460","25.9236","206.10K","-1.21%"
"21.04.2022","26.2715","26.1259","26.3897","26.0799","238.53K","0.62%"
"20.04.2022","26.1098","26.0275","26.1951","26.0035","206.24K","0.42%"
"19.04.2022","25.9998","25.7995","26.1162","25.6866","188.16K","0.87%"
"18.04.2022","25.7754","26.0488","26.0867","25.7743","135.77K","-1.01%"
"15.04.2022","26.0383","26.0931","26.1436","26.0273","142.90K","-0.17%"
"14.04.2022","26.0835","25.9573","26.1840","25.9077","193.31K","0.58%"
"13.04.2022","25.9323","25.7449","25.9804","25.6432","190.34K","0.81%"
"12.04.2022","25.7250","25.9834","26.0063","25.7339","175.84K","-0.93%"
"11.04.2022","25.9665","26.1399","26.1770","25.9116","159.25K","-0.47%"
"08.04.2022","26.0881","26.3351","26.3553","26.0918","158.25K","-0.82%"
"07.04.2022","26.3042","26.3634","26.3980","26.2385","169.35K","-0.16%"
"06.04.2022","26.3451","26.1450","26.3948","26.1110","186.81K","0.84%"
"05.04.2022","26.1269","25.9749","26.1723","25.9589","156.26K","0.69%"
"04.04.2022","25.9480","26.0471","26.0741","25.8690","159.42K","-0.23%"
"01.04.2022","26.0077","26.0999","26.1814","25.8909","215.04K","-0.23%"
"31.03.2022","26.0684","26.1081","26.2838","26.0268","176.89K","-0.04%"
"30.03.2022","26.0795","26.1445","26.2496","26.0683","183.48K","-0.20%"
"29.03.2022","26.1329","26.3264","26.3742","26.0648","199.03K","-0.71%"
"28.03.2022","26.3206","26.4272","26.4757","26.2403","177.74K","-0.27%"
"25.03.2022","26.3930","26.4947","26.5445","26.2711","170.44K","-0.29%"
"24.03.2022","26.4688","26.7005","26.7418","26.4639","163.51K","-0.86%"
"23.03.2022","26.6975","26.9023","26.9608","26.6148","160.67K","-0.67%"
"22.03.2022","26.8773","26.8318","26.9282","26.7621","179.17K","0.23%"
"21.03.2022","26.8147","26.8419","26.8738","26.7444","149.33K","0.03%"
"18.03.2022","26.8066","26.9922","27.0407","26.8181","170.26K","-0.59%"
"17.03.2022","26.9664","27.1392","27.2356","26.9498","198.37K","-0.57%"
"16.03.2022","27.1208","27.1730","27.2324","27.0125","206.81K","-0.09%"
"15.03.2022","27.1451","27.1931","27.3239","27.1373","202.93K","-0.09%"
"14.03.2022","27.1700","27.2689","27.3384","27.1644","182.08K","-0.26%"
"11.03.2022","27.2413","27.4029","27.5443","27.2386","208.71K","-0.49%"
"10.03.2022","27.3762","27.5628","27.7593","27.3663","203.21K","-0.57%"
"09.03.2022","27.5336","28.0107","28.0196","27.4806","231.45K","-1.67%"
"08.03.2022","27.9998","27.9312","28.1869","27.8604","248.60K","0.33%"
"07.03.2022","27.9086","27.7185","28.0170","27.6388","246.71K","0.80%"
"04.03.2022","27.6865","27.5510","27.7883","27.5264","233.81K","0.54%"
"03.03.2022","27.5376","27.6409","27.7500","27.5191","212.83K","-0.23%"
"02.03.2022","27.6008","27.5275","27.7391","27.4517","213.74K","0.39%"
"01.03.2022","27.4941","27.4728","27.5616","27.3522","225.17K","0.14%"
"28.02.2022","27.4566","27.2859","27.6052","27.1400","231.25K","0.72%"
"25.02.2022","27.2591","27.4978","27.5667","27.2619","212.27K","-0.78%"
"24.02.2022","27.4736","27.4117","27.7851","27.3300","290.49K","0.31%"
"23.02.2022","27.3900","27.5823","27.6087","27.3923","184.33K","-0.60%"
"22.02.2022","27.5565","27.6209","27.6663","27.4855","212.01K","-0.15%"
"21.02.2022","27.5971","27.5910","27.6891","27.5655","149.78K","0.13%"
"18.02.2022","27.5605","27.6364","27.6765","27.5506","189.56K","-0.20%"
"17.02.2022","27.6146","27.5488","27.7300","27.5273","203.88K","0.30%"
"16.02.2022","27.5331","27.6155","27.6737","27.5229","183.20K","-0.22%"
"15.02.2022","27.5930","27.6194","27.6644","27.5356","177.41K","-0.02%"
"14.02.2022","27.5998","27.8611","27.8812","27.5470","207.31K","-0.84%"
"11.02.2022","27.8333","27.8671","27.9359","27.6889","224.08K","-0.05%"
"10.02.2022","27.8460","27.7136","27.9923","27.6607","199.43K","0.57%"
"09.02.2022","27.6892","27.9165","27.9417","27.6737","155.07K","-0.73%"
"08.02.2022","27.8918","27.8792","28.0219","27.8491","195.54K","0.15%"
"07.02.2022","27.8503","27.9790","28.0167","27.8207","184.98K","-0.40%"
"04.02.2022","27.9617","27.9398","28.1206","27.8477","194.38K","0.17%"
"03.02.2022","27.9139","27.9395","28.0933","27.8967","219.06K","-0.03%"
"02.02.2022","27.9218","27.7720","27.9932","27.7303","190.26K","0.60%"
"01.02.2022","27.7566","27.7465","27.8832","27.6493","178.16K","0.09%"
"31.01.2022","27.7303","27.8804","27.9529","27.6833","160.01K","-0.49%"
"28.01.2022","27.8656","27.7863","28.0458","27.7603","192.76K","0.34%"
"27.01.2022","27.7725","27.9375","27.9622","27.6768","197.77K","-0.48%"
"26.01.2022","27.9060","27.8419","27.9764","27.7520","182.99K","0.34%"
"25.01.2022","27.8114","27.7522","27.9252","27.7351","223.55K","0.31%"
"24.01.2022","27.7265","27.7471","27.8472","27.6682","223.76K","0.03%"
"21.01.2022","27.7193","27.9385","27.9579","27.6987","186.47K","-0.68%"
"20.01.2022","27.9092","27.9257","27.9771","27.7799","177.80K","0.05%"
"19.01.2022","27.8950","27.7423","27.9611","27.6922","226.04K","0.61%"
"18.01.2022","27.7263","27.6973","27.8153","27.6151","262.73K","0.19%"
"17.01.2022","27.6734","27.7637","27.8139","27.6639","156.47K","-0.25%"
"14.01.2022","27.7425","27.8873","27.9380","27.7188","216.30K","-0.44%"
"13.01.2022","27.8664","27.8771","28.0371","27.8433","204.75K","0.02%"
"12.01.2022","27.8596","27.7857","27.9478","27.7743","181.53K","0.31%"
"11.01.2022","27.7738","27.6662","27.8405","27.6373","191.65K","0.45%"
"10.01.2022","27.6482","27.6900","27.8358","27.6217","166.56K","-0.04%"
"07.01.2022","27.6591","27.7449","27.7777","27.6161","127.87K","-0.20%"
"06.01.2022","27.7135","27.9020","28.0588","27.6117","168.36K","-0.58%"
"05.01.2022","27.8738","27.7657","27.9364","27.5630","130.15K","0.50%"
"04.01.2022","27.7338","27.6362","27.8377","27.5952","148.67K","0.46%"
"03.01.2022","27.6075","27.7318","27.7904","27.5404","125.92K","-0.39%"
"31.12.2021","27.7169","27.6176","27.7873","27.4688","120.63K","0.40%"
"30.12.2021","27.6064","27.7536","27.8068","27.6092","111.74K","-0.44%"
"29.12.2021","27.7279","27.7561","27.8043","27.6320","121.62K","-0.01%"
"28.12.2021","27.7305","27.8033","27.8526","27.6003","122.01K","-0.19%"
"27.12.2021","27.7832","27.6007","27.8624","27.6007","98.69K","0.76%"
"24.12.2021","27.5731","27.6773","27.7059","27.5672","130.26K","-0.29%"
"23.12.2021","27.6540","27.6581","27.8478","27.6378","201.88K","0.11%"
"22.12.2021","27.6237","27.6218","27.7596","27.5890","186.06K","0.11%"
"21.12.2021","27.5925","27.4538","27.6584","27.3830","212.03K","0.57%"
"20.12.2021","27.4362","27.6117","27.6836","27.3403","193.96K","-0.52%"
"17.12.2021","27.5787","27.7401","27.8041","27.4505","207.10K","-0.47%"
"16.12.2021","27.7102","27.8734","28.0640","27.6264","208.89K","-0.54%"
"15.12.2021","27.8617","28.1196","28.1935","27.8526","202.64K","-0.82%"
"14.12.2021","28.0910","27.7853","28.1488","27.6822","200.03K","1.17%"
"13.12.2021","27.7668","27.6416","27.8041","27.6150","185.08K","0.29%"
"10.12.2021","27.6871","27.6906","27.8346","27.5922","210.71K","0.04%"
"09.12.2021","27.6766","27.6579","27.8389","27.6067","225.76K","0.15%"
"08.12.2021","27.6345","27.8584","27.8801","27.5504","269.02K","-0.72%"
"07.12.2021","27.8360","28.1530","28.2344","27.7971","255.10K","-1.04%"
"06.12.2021","28.1290","28.1750","28.2544","28.0343","236.86K","-0.02%"
"03.12.2021","28.1344","28.3006","28.4519","28.0941","225.76K","-0.49%"
"02.12.2021","28.2726","28.5707","28.5830","28.2696","238.98K","-1.02%"
"01.12.2021","28.5638","28.5224","28.5842","28.1758","282.23K","0.22%"
"30.11.2021","28.5002","28.8566","29.1017","28.2866","309.19K","-1.15%"
"29.11.2021","28.8318","29.2423","29.3456","28.7582","202.77K","-1.33%"
"26.11.2021","29.2192","28.7213","29.4727","28.7148","241.00K","1.76%"
"25.11.2021","28.7146","28.5572","28.7826","28.5011","164.10K","0.66%"
"24.11.2021","28.5254","28.3494","28.8356","28.3354","216.19K","0.72%"
"23.11.2021","28.3205","28.1329","28.4982","28.1163","268.59K","0.74%"
"22.11.2021","28.1115","28.0432","28.1642","27.9739","250.85K","0.35%"
"19.11.2021","28.0124","28.0343","28.1031","27.8067","216.40K","-0.02%"
"18.11.2021","28.0182","27.8424","28.1467","27.8155","239.35K","0.70%"
"17.11.2021","27.8227","27.8517","27.9550","27.7946","225.38K","0.00%"
"16.11.2021","27.8229","27.6722","27.9940","27.6290","208.41K","0.64%"
"15.11.2021","27.6451","27.5286","27.7767","27.4683","161.25K","0.50%"
"12.11.2021","27.5087","27.6098","27.7644","27.3988","192.56K","-0.29%"
"11.11.2021","27.5881","27.6670","27.7068","27.3594","213.34K","-0.17%"
"10.11.2021","27.6342","27.5478","27.6861","27.4620","232.74K","0.43%"
"09.11.2021","27.5160","27.5763","27.6427","27.4259","211.82K","-0.13%"
"08.11.2021","27.5519","27.4553","27.6664","27.4001","201.38K","0.50%"
"05.11.2021","27.4158","27.7320","27.8330","27.3888","220.32K","-1.10%"
"04.11.2021","27.7195","28.1110","28.1866","27.7048","261.87K","-1.33%"
"03.11.2021","28.0933","28.3020","28.6263","28.0693","237.55K","-0.68%"
"02.11.2021","28.2858","28.5035","28.5593","28.1851","234.86K","-0.61%"
"01.11.2021","28.4587","28.1217","28.5765","28.1039","185.44K","1.17%"
"29.10.2021","28.1282","28.0972","28.2792","28.0560","246.57K","0.18%"
"28.10.2021","28.0772","27.9277","28.1663","27.8751","224.86K","0.61%"
"27.10.2021","27.9064","27.8340","27.9402","27.6747","178.70K","0.36%"
"26.10.2021","27.8073","27.7697","27.8746","27.7547","168.06K","0.22%"
"25.10.2021","27.7467","27.7603","27.8661","27.7370","167.93K","0.07%"
"22.10.2021","27.7275","28.0040","28.0417","27.7134","182.14K","-0.92%"
"21.10.2021","27.9861","27.9372","28.0548","27.8963","168.38K","0.23%"
"20.10.2021","27.9206","27.9177","27.9562","27.7727","191.18K","0.08%"
"19.10.2021","27.8971","28.0193","28.1729","27.8885","229.85K","-0.38%"
"18.10.2021","28.0039","27.9636","28.1630","27.8747","198.63K","0.18%"
"15.10.2021","27.9524","28.1059","28.3090","27.9317","176.03K","-0.47%"
"14.10.2021","28.0830","28.0756","28.2994","28.0634","157.80K","0.06%"
"13.10.2021","28.0658","28.2366","28.3087","28.0631","203.45K","-0.56%"
"12.10.2021","28.2231","28.3852","28.4258","28.1713","180.32K","-0.46%"
"11.10.2021","28.3524","28.1945","28.4107","28.1873","173.19K","0.68%"
"08.10.2021","28.1598","28.1338","28.3438","28.0128","245.26K","0.18%"
"07.10.2021","28.1096","27.9188","28.1853","27.8057","243.20K","0.73%"
"06.10.2021","27.9055","28.0431","28.3119","27.9021","282.50K","-0.37%"
"05.10.2021","28.0103","27.8876","28.1019","27.8664","276.04K","0.50%"
"04.10.2021","27.8719","27.6985","28.0692","27.6686","209.63K","0.73%"
"01.10.2021","27.6711","27.8083","27.8964","27.6532","241.20K","-0.44%"
"30.09.2021","27.7927","27.5280","27.8775","27.4764","276.13K","1.08%"
"29.09.2021","27.4950","27.5197","27.7271","27.4067","268.04K","-0.01%"
"28.09.2021","27.4965","27.5429","27.6275","27.3740","264.86K","-0.09%"
"27.09.2021","27.5207","27.4369","27.6371","27.3635","162.49K","0.39%"
"24.09.2021","27.4148","27.5030","27.6461","27.3976","152.34K","-0.28%"
"23.09.2021","27.4911","27.3750","27.5504","27.3165","170.50K","0.47%"
"22.09.2021","27.3632","27.5071","27.5389","27.2630","233.35K","-0.47%"
"21.09.2021","27.4928","27.5127","27.5371","27.4298","193.58K","0.01%"
"20.09.2021","27.4893","27.5030","27.6200","27.4546","165.64K","-0.05%"
"17.09.2021","27.5034","27.4932","27.5354","27.4403","146.31K","0.08%"
"16.09.2021","27.4809","27.4946","27.5240","27.4247","161.82K","0.04%"
"15.09.2021","27.4700","27.4975","27.5768","27.4417","148.47K","-0.05%"
"14.09.2021","27.4841","27.4902","27.6380","27.4741","158.39K","0.00%"
"13.09.2021","27.4833","27.5151","27.5451","27.4454","140.36K","-0.11%"
"10.09.2021","27.5133","27.5833","27.6489","27.4722","225.08K","-0.15%"
"09.09.2021","27.5552","27.4466","27.6483","27.4312","180.71K","0.42%"
"08.09.2021","27.4410","27.4825","27.5131","27.3515","233.55K","-0.09%"
"07.09.2021","27.4645","27.5571","27.5985","27.4456","225.43K","-0.28%"
"06.09.2021","27.5421","27.6234","27.6394","27.4653","126.56K","-0.25%"
"03.09.2021","27.6121","27.6119","27.6558","27.4921","208.55K","0.06%"
"02.09.2021","27.5967","27.5458","27.6773","27.4662","200.01K","0.32%"
"01.09.2021","27.5098","27.6124","27.6257","27.4708","159.53K","-0.31%"
"31.08.2021","27.5947","27.7127","27.7577","27.5602","189.26K","-0.36%"
"30.08.2021","27.6950","27.7994","27.8406","27.6618","131.43K","-0.30%"
"27.08.2021","27.7784","27.8925","28.0343","27.7560","162.39K","-0.36%"
"26.08.2021","27.8788","27.8412","27.9678","27.8118","150.15K","0.23%"
"25.08.2021","27.8138","27.7525","27.9585","27.6744","195.60K","0.31%"
"24.08.2021","27.7285","27.8709","27.9354","27.7271","119.21K","-0.43%"
"23.08.2021","27.8469","27.7500","28.0059","27.7083","135.56K","0.48%"
"20.08.2021","27.7146","27.5016","27.8818","27.4643","170.92K","0.84%"
"19.08.2021","27.4833","27.5772","27.6234","27.4572","177.53K","-0.31%"
"18.08.2021","27.5685","27.4965","27.5812","27.4063","150.42K","0.35%"
"17.08.2021","27.4719","27.5697","27.5867","27.4087","144.89K","-0.25%"
"16.08.2021","27.5421","27.5140","27.6341","27.4590","143.66K","0.04%"
"13.08.2021","27.5305","27.5623","27.6252","27.4204","186.72K","-0.04%"
"12.08.2021","27.5410","27.6453","27.6810","27.4302","199.17K","-0.31%"
"11.08.2021","27.6275","27.8167","27.8344","27.6081","196.22K","-0.61%"
"10.08.2021","27.7981","27.7959","27.9441","27.7517","242.31K","0.07%"
"09.08.2021","27.7794","27.8176","27.8852","27.7423","159.89K","0.01%"
"06.08.2021","27.7753","27.7625","27.8785","27.6492","132.73K","0.14%"
"05.08.2021","27.7362","27.7558","27.8132","27.6572","144.79K","-0.05%"
"04.08.2021","27.7502","27.6761","27.8148","27.6203","142.10K","0.37%"
"03.08.2021","27.6471","27.6411","27.6996","27.5759","146.74K","0.11%"
"02.08.2021","27.6176","27.6262","27.6806","27.5155","140.63K","0.06%"
"30.07.2021","27.6004","27.7222","27.7920","27.5697","152.15K","-0.34%"
"29.07.2021","27.6958","27.6833","27.7692","27.6691","161.44K","0.11%"
"28.07.2021","27.6654","27.7342","27.7849","27.6117","169.02K","-0.15%"
"27.07.2021","27.7078","27.6919","27.7827","27.5627","159.96K","0.15%"
"26.07.2021","27.6653","27.5787","27.7397","27.5646","138.15K","0.45%"
"23.07.2021","27.5417","27.7033","27.7174","27.4798","148.89K","-0.47%"
"22.07.2021","27.6705","27.6262","27.8107","27.6068","160.71K","0.26%"
"21.07.2021","27.5996","27.4707","27.7192","27.4013","162.74K","0.58%"
"20.07.2021","27.4413","27.4591","27.5033","27.2395","192.39K","0.00%"
"19.07.2021","27.4411","27.4258","27.5077","27.3026","202.67K","0.30%"
"16.07.2021","27.3599","27.5847","27.6019","27.3256","174.50K","-0.75%"
"15.07.2021","27.5661","27.5511","27.6863","27.4773","177.82K","0.13%"
"14.07.2021","27.5316","27.7116","27.7405","27.5081","161.33K","-0.60%"
"13.07.2021","27.6986","27.5555","27.7845","27.4780","160.21K","0.56%"
"12.07.2021","27.5453","27.6069","27.7352","27.5208","183.40K","-0.16%"
"09.07.2021","27.5881","27.5846","27.6451","27.4438","182.48K","0.10%"
"08.07.2021","27.5617","27.5289","27.7810","27.4499","194.97K","0.25%"
"07.07.2021","27.4937","27.6234","27.6774","27.4928","191.90K","-0.44%"
"06.07.2021","27.6152","27.4849","27.6677","27.4245","214.63K","0.49%"
"05.07.2021","27.4797","27.3323","27.5319","27.3323","130.38K","0.63%"
"02.07.2021","27.3075","27.5347","27.5759","27.3034","164.76K","-0.76%"
"01.07.2021","27.5169","27.5819","27.6822","27.4783","161.19K","-0.15%"
"30.06.2021","27.5586","27.4215","27.6134","27.3587","163.02K","0.59%"
"29.06.2021","27.3975","27.5273","27.5458","27.3384","157.51K","-0.43%"
"28.06.2021","27.5160","27.5264","27.6804","27.4354","141.60K","0.10%"
"25.06.2021","27.4889","27.6574","27.7071","27.4088","154.03K","-0.53%"
"24.06.2021","27.6359","28.1948","28.2376","27.4580","172.51K","-1.82%"
"23.06.2021","28.1483","28.3849","28.4632","28.1635","192.50K","-0.75%"
"22.06.2021","28.3612","28.5464","28.7229","28.3473","179.21K","-0.56%"
"21.06.2021","28.5215","28.5556","28.7479","28.4278","222.58K","-0.02%"
"18.06.2021","28.5266","28.4347","28.6528","28.2984","216.99K","0.40%"
"17.06.2021","28.4129","28.5481","28.7607","28.3135","186.96K","-0.43%"
"16.06.2021","28.5363","28.2021","28.5765","28.1584","159.10K","1.27%"
"15.06.2021","28.1773","28.1783","28.4254","28.0145","155.28K","0.12%"
"14.06.2021","28.1446","28.0827","28.1962","27.9657","151.50K","0.38%"
"11.06.2021","28.0392","27.9153","28.2197","27.8244","145.44K","0.53%"
"10.06.2021","27.8910","27.8689","27.9478","27.7572","154.80K","0.12%"
"09.06.2021","27.8569","27.8979","27.9359","27.7229","143.17K","-0.07%"
"08.06.2021","27.8769","28.0856","28.1350","27.8589","161.14K","-0.69%"
"07.06.2021","28.0712","28.2917","28.2917","27.9749","149.37K","-0.57%"
"04.06.2021","28.2316","28.4431","28.5576","28.2006","192.20K","-0.68%"
"03.06.2021","28.4252","28.1955","28.4765","28.1800","188.91K","0.89%"
"02.06.2021","28.1745","28.2651","28.3219","28.1707","209.77K","-0.24%"
"01.06.2021","28.2411","28.3580","28.3906","28.1301","207.26K","-0.35%"
"31.05.2021","28.3414","28.2494","28.3748","28.1860","171.42K","0.35%"
"28.05.2021","28.2412","28.3388","28.4690","28.2329","180.93K","-0.29%"
"27.05.2021","28.3242","28.0601","28.4261","28.0055","216.43K","0.98%"
"26.05.2021","28.0482","28.1914","28.1973","28.0352","202.73K","-0.47%"
"25.05.2021","28.1803","28.1144","28.1982","28.0240","202.05K","0.29%"
"24.05.2021","28.0977","28.2260","28.2690","28.0856","174.19K","-0.35%"
"21.05.2021","28.1978","28.1914","28.3335","28.1674","196.43K","0.06%"
"20.05.2021","28.1809","28.1283","28.2792","28.0558","191.96K","0.26%"
"19.05.2021","28.1089","28.1481","28.2797","27.9960","212.40K","-0.09%"
"18.05.2021","28.1337","27.9667","28.2215","27.9445","195.80K","0.69%"
"17.05.2021","27.9415","27.9898","28.1036","27.9354","156.09K","-0.17%"
"14.05.2021","27.9904","28.0147","28.0434","27.8242","163.28K","-0.02%"
"13.05.2021","27.9946","28.3451","28.3779","27.9659","187.58K","-1.16%"
"12.05.2021","28.3232","28.2353","28.4165","28.1442","176.96K","0.40%"
"11.05.2021","28.2099","28.1404","28.3021","28.0418","198.56K","0.28%"
"10.05.2021","28.1299","27.8545","28.1910","27.8481","187.91K","1.17%"
"07.05.2021","27.8043","27.8871","28.0067","27.7534","198.90K","-0.17%"
"06.05.2021","27.8525","28.1730","28.2162","27.8759","243.05K","-1.04%"
"05.05.2021","28.1452","28.0559","28.2342","28.0163","234.27K","0.45%"
"04.05.2021","28.0199","28.0682","28.1901","28.0041","211.47K","-0.08%"
"03.05.2021","28.0419","27.9727","28.1933","27.9237","153.89K","0.36%"
"30.04.2021","27.9402","27.9565","28.0184","27.7782","221.81K","0.02%"
"29.04.2021","27.9358","27.7599","28.1390","27.7297","187.74K","0.76%"
"28.04.2021","27.7261","27.9045","27.9120","27.6803","206.98K","-0.56%"
"27.04.2021","27.8810","27.5984","27.9205","27.5819","214.99K","1.06%"
"26.04.2021","27.5875","27.5275","27.6699","27.4839","192.73K","0.35%"
"23.04.2021","27.4913","27.5805","27.6402","27.4375","199.06K","-0.22%"
"22.04.2021","27.5530","27.6997","27.7918","27.4827","220.84K","-0.45%"
"21.04.2021","27.6771","27.8367","27.8660","27.5779","202.08K","-0.50%"
"20.04.2021","27.8163","27.7192","27.8610","27.6301","208.07K","0.40%"
"19.04.2021","27.7045","27.5600","27.7666","27.5130","171.95K","0.59%"
"16.04.2021","27.5424","27.4887","27.6034","27.3757","185.09K","0.22%"
"15.04.2021","27.4810","27.6605","27.6938","27.4336","188.19K","-0.59%"
"14.04.2021","27.6441","27.6168","27.7696","27.5940","178.89K","0.12%"
"13.04.2021","27.6099","27.6730","27.7752","27.5429","177.56K","-0.17%"
"12.04.2021","27.6559","27.6427","27.7707","27.5849","174.64K","0.15%"
"09.04.2021","27.6141","27.5998","27.7525","27.5624","171.80K","0.11%"
"08.04.2021","27.5841","27.7446","27.7922","27.5567","177.57K","-0.60%"
"07.04.2021","27.7501","27.8797","27.9477","27.6894","200.54K","-0.45%"
"06.04.2021","27.8749","28.2377","28.3113","27.8333","171.81K","-1.19%"
"05.04.2021","28.2109","28.0889","28.3437","28.0365","136.52K","0.46%"
"02.04.2021","28.0825","28.0768","28.1370","28.0354","115.91K","0.15%"
"01.04.2021","28.0403","28.1681","28.2490","27.9881","197.72K","-0.35%"
"31.03.2021","28.1395","28.2873","28.3524","28.1266","205.29K","-0.43%"
"30.03.2021","28.2611","28.3627","28.4785","28.1819","181.30K","-0.33%"
"29.03.2021","28.3547","28.4046","28.7799","28.3335","197.94K","-0.05%"
"26.03.2021","28.3695","28.4012","28.5278","28.3002","181.49K","-0.08%"
"25.03.2021","28.3909","28.6589","28.6853","28.2886","200.88K","-0.82%"
"24.03.2021","28.6262","28.6709","28.7071","28.3465","206.38K","-0.06%"
"23.03.2021","28.6426","28.5196","28.7176","28.3249","202.14K","0.52%"
"22.03.2021","28.4954","28.4343","28.8824","28.3748","173.39K","0.25%"
"19.03.2021","28.4252","28.5210","28.5982","28.1334","210.25K","-0.25%"
"18.03.2021","28.4956","28.4886","28.6852","28.3281","214.32K","0.10%"
"17.03.2021","28.4678","28.6448","28.9132","28.3449","201.57K","-0.61%"
"16.03.2021","28.6430","28.6994","28.7422","28.5182","181.02K","-0.07%"
"15.03.2021","28.6626","28.8603","28.9879","28.6724","192.82K","-0.66%"
"12.03.2021","28.8533","28.8295","29.0816","28.7733","219.39K","0.13%"
"11.03.2021","28.8166","29.0977","29.1367","28.7959","215.46K","-0.88%"
"10.03.2021","29.0726","29.4522","29.4953","29.0748","230.34K","-1.24%"
"09.03.2021","29.4365","29.7508","29.8117","29.3715","238.70K","-1.00%"
"08.03.2021","29.7340","29.4963","29.9065","29.3890","243.14K","0.85%"
"05.03.2021","29.4827","29.3573","29.5587","29.2402","251.05K","0.48%"
"04.03.2021","29.3413","29.2291","29.3995","29.0011","273.36K","0.45%"
"03.03.2021","29.2106","28.7593","29.3228","28.7171","251.49K","1.65%"
"02.03.2021","28.7376","28.7628","28.9323","28.6794","252.78K","-0.01%"
"01.03.2021","28.7413","29.0691","29.1509","28.6668","253.85K","-1.05%"
"26.02.2021","29.0454","29.2255","29.3289","28.9622","279.75K","-0.52%"
"25.02.2021","29.1975","28.8032","29.5361","28.7845","280.56K","1.43%"
"24.02.2021","28.7856","28.9452","29.0970","28.7539","230.46K","-0.48%"
"23.02.2021","28.9255","29.1568","29.2290","28.9274","233.62K","-0.70%"
"22.02.2021","29.1280","28.6411","29.2528","28.6247","209.43K","1.76%"
"19.02.2021","28.6236","28.3843","28.7636","28.3386","229.48K","0.98%"
"18.02.2021","28.3458","28.0280","28.5540","27.9758","245.47K","1.29%"
"17.02.2021","27.9847","28.0091","28.2462","27.8936","309.46K","0.00%"
"16.02.2021","27.9849","27.7574","28.1590","27.7524","259.35K","0.90%"
"15.02.2021","27.7365","27.6082","27.7927","27.6066","207.41K","0.54%"
"12.02.2021","27.5865","27.5816","27.7763","27.5604","268.97K","0.08%"
"11.02.2021","27.5631","27.7258","27.7481","27.5042","303.87K","-0.45%"
"10.02.2021","27.6864","27.7674","27.8870","27.6787","350.54K","-0.16%"
"09.02.2021","27.7316","27.6315","27.8232","27.5592","318.44K","0.42%"
"08.02.2021","27.6148","27.5830","27.7323","27.5508","252.15K","0.16%"
"05.02.2021","27.5717","27.8851","27.9373","27.5571","292.09K","-0.99%"
"04.02.2021","27.8472","27.5618","28.0126","27.4310","280.85K","1.16%"
"03.02.2021","27.5268","27.5070","27.6472","27.3679","262.57K","0.14%"
"02.02.2021","27.4871","27.8486","27.8768","27.4481","249.28K","-1.20%"
"01.02.2021","27.8206","28.2392","28.2618","27.7645","238.16K","-1.35%"
"29.01.2021","28.2001","27.7840","28.2450","27.5894","296.75K","1.60%"
"28.01.2021","27.7557","27.7700","27.9501","27.6594","289.25K","0.02%"
"27.01.2021","27.7510","27.4588","27.8221","27.4374","268.81K","1.20%"
"26.01.2021","27.4232","27.5062","27.6287","27.3661","212.60K","-0.24%"
"25.01.2021","27.4898","27.3197","27.6343","27.2264","235.07K","0.63%"
"22.01.2021","27.3174","27.0945","27.3610","27.0687","258.25K","0.91%"
"21.01.2021","27.0713","26.7649","27.1595","26.7379","262.02K","1.23%"
"20.01.2021","26.7435","26.8011","26.9037","26.6718","240.66K","-0.13%"
"19.01.2021","26.7790","26.7468","26.8549","26.6665","234.96K","0.21%"
"18.01.2021","26.7228","26.9093","27.0264","26.7019","202.17K","-0.52%"
"15.01.2021","26.8622","26.9902","27.0679","26.7906","273.53K","-0.41%"
"14.01.2021","26.9717","27.0798","27.1879","26.8976","268.02K","-0.31%"
"13.01.2021","27.0547","27.0478","27.2236","26.9262","285.44K","0.12%"
"12.01.2021","27.0218","27.1291","27.2487","27.0105","285.38K","-0.33%"
"11.01.2021","27.1111","27.1422","27.2910","27.0482","284.61K","-0.09%"
"08.01.2021","27.1354","27.1492","27.3206","26.9970","275.35K","0.04%"
"07.01.2021","27.1252","26.7281","27.2757","26.6613","254.51K","1.53%"
"06.01.2021","26.7173","27.1147","27.1849","26.6605","278.54K","-1.33%"
"05.01.2021","27.0778","27.1108","27.2931","26.9428","311.41K","0.01%"
"04.01.2021","27.0742","27.1831","27.2014","26.8498","256.09K","-0.36%"
"01.01.2021","27.1711","27.1926","27.2215","27.1619","2.32K","0.01%"
"31.12.2020","27.1696","27.1227","27.2922","27.0604","256.53K","0.28%"
"30.12.2020","27.0942","26.8768","27.2668","26.8556","252.36K","0.90%"
"29.12.2020","26.8515","26.9228","27.0812","26.7955","242.50K","-0.18%"
"28.12.2020","26.8993","26.9323","27.0922","26.7921","215.76K","-0.01%"
"25.12.2020","26.9010","26.9485","27.0294","26.9208","2.36K","-0.01%"
"24.12.2020","26.9042","27.0763","27.2785","26.8442","243.17K","-0.54%"
"23.12.2020","27.0502","26.9115","27.2737","26.8813","291.91K","0.58%"
"22.12.2020","26.8951","26.8654","27.0779","26.7038","300.68K","0.18%"
"21.12.2020","26.8466","26.8793","27.3147","26.6572","270.06K","-0.39%"
"18.12.2020","26.9528","26.9270","27.0431","26.7307","271.30K","0.26%"
"17.12.2020","26.8842","26.8134","27.0294","26.7897","307.42K","0.40%"
"16.12.2020","26.7783","26.7918","26.9923","26.7274","285.52K","0.03%"
"15.12.2020","26.7712","26.9711","27.0914","26.6704","219.84K","-0.72%"
"14.12.2020","26.9653","26.7407","27.0100","26.6955","193.63K","1.28%"
"11.12.2020","26.6244","26.6077","26.6917","26.4564","229.91K","0.17%"
"10.12.2020","26.5794","26.6237","26.6464","26.3164","220.71K","-0.07%"
"09.12.2020","26.5991","26.4209","26.7388","26.3524","220.65K","0.78%"
"08.12.2020","26.3922","26.5988","26.6313","26.2731","237.20K","-0.63%"
"07.12.2020","26.5607","26.5921","26.6468","26.3267","222.09K","-0.01%"
"04.12.2020","26.5621","26.7505","26.8587","26.5092","241.73K","-0.61%"
"03.12.2020","26.7253","26.6899","26.9083","26.6579","292.81K","0.20%"
"02.12.2020","26.6725","26.8856","26.9404","26.6525","250.65K","-0.68%"
"01.12.2020","26.8555","26.8892","26.9786","26.7050","269.87K","-0.03%"
"30.11.2020","26.8631","26.6879","26.9614","26.6826","246.96K","0.75%"
"27.11.2020","26.6633","26.7638","26.8327","26.6117","224.62K","-0.31%"
"26.11.2020","26.7461","26.7192","26.8238","26.6555","252.38K","0.24%"
"25.11.2020","26.6824","26.7507","26.8973","26.6432","357.71K","-0.13%"
"24.11.2020","26.7180","26.8805","27.6091","26.6483","261.12K","-0.54%"
"23.11.2020","26.8618","26.7182","26.9348","26.6460","253.73K","0.67%"
"20.11.2020","26.6825","26.7829","26.9151","26.6234","351.13K","-0.29%"
"19.11.2020","26.7594","27.0412","27.0524","26.6374","317.43K","-0.96%"
"18.11.2020","27.0183","26.9118","27.0412","26.8004","348.32K","0.48%"
"17.11.2020","26.8885","26.7363","27.0925","26.7147","291.61K","0.68%"
"16.11.2020","26.7065","26.8785","26.9188","26.5856","230.34K","-0.68%"
"13.11.2020","26.8885","27.0874","27.1689","26.8484","296.02K","-0.63%"
"12.11.2020","27.0581","27.0595","27.1985","26.8861","287.91K","0.01%"
"11.11.2020","27.0555","26.9786","27.2195","26.8235","304.31K","0.39%"
"10.11.2020","26.9513","26.7726","27.1779","26.7241","330.49K","0.73%"
"09.11.2020","26.7570","27.1000","27.1225","26.3749","272.94K","-1.00%"
"06.11.2020","27.0277","27.2292","27.3827","26.9910","371.05K","-0.58%"
"05.11.2020","27.1844","27.2006","27.3559","26.9699","323.31K","0.16%"
"04.11.2020","27.1399","27.5893","28.4919","27.1413","307.00K","-1.50%"
"03.11.2020","27.5524","27.6132","27.7718","27.2997","227.81K","-0.19%"
"02.11.2020","27.6049","27.4298","27.7377","27.3454","210.21K","0.76%"
"30.10.2020","27.3974","27.6488","27.7556","27.4018","314.17K","-0.89%"
"29.10.2020","27.6448","27.6397","27.9038","27.4844","251.17K","0.04%"
"28.10.2020","27.6342","27.4481","27.6931","27.3831","259.74K","0.75%"
"27.10.2020","27.4281","27.2520","27.4779","27.1478","246.37K","0.70%"
"26.10.2020","27.2376","27.2461","27.5299","27.2152","213.70K","0.09%"
"23.10.2020","27.2119","27.4230","27.4953","27.1503","304.80K","-0.69%"
"22.10.2020","27.4021","27.7594","27.8679","27.3969","231.90K","-1.22%"
"21.10.2020","27.7410","27.3566","27.7862","27.2766","224.56K","1.48%"
"20.10.2020","27.3368","27.4589","27.5404","27.2135","223.74K","-0.35%"
"19.10.2020","27.4321","27.2797","27.5744","27.2234","194.12K","0.56%"
"16.10.2020","27.2787","27.4835","27.6057","27.2414","270.86K","-0.71%"
"15.10.2020","27.4731","27.7633","27.9687","27.4256","330.08K","-1.02%"
"14.10.2020","27.7564","27.6292","27.8582","27.4589","303.28K","0.53%"
"13.10.2020","27.6102","27.7540","27.8923","27.5307","303.92K","-0.42%"
"12.10.2020","27.7254","27.5418","27.7871","27.5373","219.45K","0.53%"
"09.10.2020","27.5787","27.6537","27.7073","27.4715","203.24K","-0.22%"
"08.10.2020","27.6404","27.7461","27.8286","27.5795","216.41K","-0.27%"
"07.10.2020","27.7143","27.9925","28.0191","27.5091","220.49K","-0.91%"
"06.10.2020","27.9701","27.7729","28.0738","27.4796","200.34K","0.80%"
"05.10.2020","27.7487","27.9299","27.9850","27.6350","168.36K","-0.74%"
"02.10.2020","27.9551","28.1480","28.4873","27.8943","219.58K","-0.61%"
"01.10.2020","28.1277","28.5572","28.6182","28.0255","222.31K","-1.47%"
"30.09.2020","28.5475","28.9333","28.9461","28.4317","262.42K","-1.19%"
"29.09.2020","28.8910","28.7628","29.0275","28.5326","228.53K","0.52%"
"28.09.2020","28.7408","28.4860","29.0928","28.4007","189.55K","0.95%"
"25.09.2020","28.4709","28.2775","28.6466","28.1262","220.25K","0.83%"
"24.09.2020","28.2352","28.4808","28.9575","28.0223","215.86K","-0.84%"
"23.09.2020","28.4734","27.6859","28.5392","27.5935","277.33K","2.96%"
"22.09.2020","27.6556","27.3782","27.7473","27.2762","269.67K","1.11%"
"21.09.2020","27.3528","27.3086","27.7416","27.2673","208.60K","0.25%"
"18.09.2020","27.2858","27.0705","27.3270","27.0339","214.08K","0.89%"
"17.09.2020","27.0458","27.1560","27.3812","27.0361","223.50K","-0.33%"
"16.09.2020","27.1344","27.2673","27.4112","27.1033","171.44K","-0.41%"
"15.09.2020","27.2449","27.0913","27.2913","27.0048","156.82K","0.65%"
"14.09.2020","27.0696","27.2383","27.3394","27.0616","134.30K","-0.50%"
"11.09.2020","27.2060","27.4464","27.4908","27.1656","181.41K","-0.87%"
"10.09.2020","27.4445","27.7805","27.9454","27.2558","179.06K","-1.13%"
"09.09.2020","27.7576","28.2681","28.4389","27.7435","160.12K","-1.72%"
"08.09.2020","28.2445","28.4795","28.5301","28.1892","161.08K","-0.77%"
"07.09.2020","28.4642","28.6367","28.6604","28.3654","123.36K","-0.62%"
"04.09.2020","28.6413","28.7638","28.8706","28.4102","256.70K","-0.31%"
"03.09.2020","28.7313","29.0105","29.0884","28.6138","267.76K","-0.86%"
"02.09.2020","28.9807","29.1623","29.2624","28.9266","245.76K","-0.60%"
"01.09.2020","29.1550","29.2563","29.4100","29.0652","248.69K","-0.32%"
"31.08.2020","29.2494","29.0145","29.4016","29.0118","170.15K","0.73%"
"28.08.2020","29.0371","29.2395","29.3120","29.0138","183.53K","-0.61%"
"27.08.2020","29.2144","28.9788","29.3194","28.8664","179.10K","0.86%"
"26.08.2020","28.9665","28.8042","29.0285","28.7687","152.34K","0.65%"
"25.08.2020","28.7788","28.7408","28.9417","28.6834","156.37K","0.24%"
"24.08.2020","28.7112","28.7465","28.8220","28.6749","148.12K","-0.10%"
"21.08.2020","28.7388","29.1783","29.2918","28.7173","198.76K","-1.46%"
"20.08.2020","29.1642","28.9921","29.2988","28.9554","194.20K","0.65%"
"19.08.2020","28.9768","29.3318","29.4007","28.9009","167.76K","-1.17%"
"18.08.2020","29.3194","29.0595","29.4165","28.9920","155.26K","0.95%"
"17.08.2020","29.0432","28.7510","29.1167","28.7112","149.63K","1.02%"
"14.08.2020","28.7510","28.9573","29.1069","28.7024","160.02K","-0.55%"
"13.08.2020","28.9110","29.1367","29.3053","28.9242","160.98K","-0.70%"
"12.08.2020","29.1161","29.2388","29.3352","29.0376","147.37K","-0.32%"
"11.08.2020","29.2093","29.3883","29.4192","29.1546","146.84K","-0.44%"
"10.08.2020","29.3382","29.1686","29.4838","29.1509","136.51K","0.55%"
"07.08.2020","29.1789","29.4596","29.5686","29.1581","208.41K","-0.77%"
"06.08.2020","29.4050","29.3405","29.7774","29.2696","173.74K","0.31%"
"05.08.2020","29.3153","29.6287","29.6612","29.2841","171.95K","-0.95%"
"04.08.2020","29.5974","29.5991","29.8416","29.4723","170.20K","0.08%"
"03.08.2020","29.5749","29.1636","29.6854","29.1101","154.12K","1.50%"
"31.07.2020","29.1377","28.8503","29.2611","28.7952","211.55K","1.14%"
"30.07.2020","28.8098","28.5620","29.0208","28.5070","199.93K","0.95%"
"29.07.2020","28.5383","28.3767","28.6390","28.2822","195.37K","0.67%"
"28.07.2020","28.3490","28.2417","28.4811","28.2229","169.95K","0.43%"
"27.07.2020","28.2274","28.5128","28.5948","28.2295","167.99K","-0.86%"
"24.07.2020","28.4715","28.6826","28.8221","28.4322","210.15K","-0.62%"
"23.07.2020","28.6487","28.4860","28.7297","28.2756","205.12K","0.64%"
"22.07.2020","28.4662","28.4408","28.5286","28.2393","192.56K","0.15%"
"21.07.2020","28.4225","28.4819","28.5709","28.2943","185.41K","-0.13%"
"20.07.2020","28.4584","28.3309","28.7089","28.2427","165.14K","0.48%"
"17.07.2020","28.3215","28.1463","28.4396","28.0858","172.28K","0.70%"
"16.07.2020","28.1247","28.0963","28.1942","28.0094","185.77K","0.16%"
"15.07.2020","28.0811","28.1779","28.2731","28.0765","179.01K","-0.29%"
"14.07.2020","28.1615","28.5754","28.6159","28.1574","178.50K","-1.44%"
"13.07.2020","28.5725","28.2680","28.5884","28.2320","161.14K","0.88%"
"10.07.2020","28.3237","28.5445","28.7834","28.3020","234.90K","-0.67%"
"09.07.2020","28.5153","28.6068","28.7733","28.4512","235.17K","-0.18%"
"08.07.2020","28.5680","28.6698","28.8247","28.4200","210.28K","-0.26%"
"07.07.2020","28.6426","27.8980","28.7117","27.8482","174.99K","2.72%"
"06.07.2020","27.8850","27.9564","27.9921","27.6819","160.16K","-0.24%"
"03.07.2020","27.9513","28.0232","28.1502","27.8792","161.29K","-0.19%"
"02.07.2020","28.0049","28.2875","28.3831","27.9512","177.69K","-0.92%"
"01.07.2020","28.2645","28.5207","28.5669","28.2103","166.28K","-0.84%"
"30.06.2020","28.5039","28.3743","28.6168","28.3198","177.73K","0.53%"
"29.06.2020","28.3540","28.4511","28.5303","28.2847","172.67K","-0.25%"
"26.06.2020","28.4257","28.1490","28.4647","28.0812","181.37K","1.12%"
"25.06.2020","28.1118","28.2991","28.5494","28.0959","193.42K","-0.60%"
"24.06.2020","28.2824","28.0600","28.3220","27.9541","200.12K","0.82%"
"23.06.2020","28.0528","28.0520","28.2281","27.7871","193.73K","0.12%"
"22.06.2020","28.0198","27.9743","28.0900","27.7057","186.43K","0.20%"
"19.06.2020","27.9651","28.2728","28.3120","27.8589","189.97K","-1.02%"
"18.06.2020","28.2521","28.0175","28.3391","27.7684","200.10K","0.91%"
"17.06.2020","27.9967","28.0668","28.1947","27.8197","208.88K","-0.20%"
"16.06.2020","28.0520","28.0144","28.1398","27.6866","213.33K","0.20%"
"15.06.2020","27.9962","27.8451","28.4447","27.8074","201.98K","0.48%"
"12.06.2020","27.8625","28.6828","28.8150","27.8253","234.44K","-2.74%"
"11.06.2020","28.6484","27.8801","28.7159","27.8524","218.94K","2.84%"
"10.06.2020","27.8567","27.9028","28.1157","27.6985","202.40K","-0.06%"
"09.06.2020","27.8721","27.3563","27.9273","27.3421","185.59K","1.94%"
"08.06.2020","27.3421","27.3834","27.5733","27.1926","170.68K","0.04%"
"05.06.2020","27.3323","27.6585","27.6891","27.2659","208.12K","-1.03%"
"04.06.2020","27.6161","27.3755","27.6823","27.2663","183.47K","0.95%"
"03.06.2020","27.3562","27.3423","27.4425","27.0529","195.43K","0.08%"
"02.06.2020","27.3339","27.5434","27.7192","27.1024","183.94K","-0.65%"
"01.06.2020","27.5124","27.3562","27.6163","27.1835","162.01K","0.54%"
"29.05.2020","27.3636","27.3741","27.4981","27.1651","180.85K","-0.02%"
"28.05.2020","27.3680","27.3470","27.4750","27.2201","185.82K","0.24%"
"27.05.2020","27.3028","27.3787","27.5196","27.2590","166.15K","-0.20%"
"26.05.2020","27.3576","27.4866","27.5997","27.2080","158.92K","-0.34%"
"25.05.2020","27.4512","27.6859","27.7147","27.4553","107.54K","-0.75%"
"22.05.2020","27.6586","27.9501","28.2150","27.6467","163.11K","-1.02%"
"21.05.2020","27.9449","28.3962","28.4583","27.8512","150.33K","-1.55%"
"20.05.2020","28.3835","28.9886","29.1105","28.2009","156.67K","-2.17%"
"19.05.2020","29.0116","28.9765","29.0429","28.7136","169.93K","0.21%"
"18.05.2020","28.9511","28.9286","29.0366","28.6057","138.72K","-0.04%"
"15.05.2020","28.9627","29.1894","29.2670","28.8984","174.96K","-0.71%"
"14.05.2020","29.1712","29.6063","29.7417","29.0287","191.48K","-1.43%"
"13.05.2020","29.5953","29.9107","29.9270","29.4796","181.11K","-0.88%"
"12.05.2020","29.8568","29.5358","29.9424","29.3864","185.16K","1.21%"
"11.05.2020","29.4994","29.3557","29.5711","29.2327","167.95K","0.66%"
"08.05.2020","29.3066","29.7466","29.8375","29.2808","213.20K","-1.34%"
"07.05.2020","29.7047","30.0984","30.2784","29.4897","219.46K","-1.16%"
"06.05.2020","30.0540","29.8477","30.1632","29.6717","191.31K","0.78%"
"05.05.2020","29.8218","29.9503","30.1251","29.5975","158.98K","-0.38%"
"04.05.2020","29.9355","30.7171","31.0217","29.9334","137.49K","-2.55%"
"01.05.2020","30.7175","30.4391","31.1328","30.3671","166.34K","1.01%"
"30.04.2020","30.4109","29.6033","30.4743","29.5422","185.32K","2.81%"
"29.04.2020","29.5799","30.1859","30.2685","29.5832","170.28K","-1.88%"
"28.04.2020","30.1470","30.6993","30.9224","30.1101","167.28K","-1.70%"
"27.04.2020","30.6672","30.8699","31.1155","30.6532","157.44K","-0.61%"
"24.04.2020","30.8544","30.6268","31.2311","30.3740","213.04K","0.72%"
"23.04.2020","30.6330","30.2097","30.6879","30.0534","218.99K","1.53%"
"22.04.2020","30.1727","29.9891","30.4076","29.8237","209.92K","0.62%"
"21.04.2020","29.9863","29.9073","30.1560","29.7712","207.25K","0.32%"
"20.04.2020","29.8913","29.6067","30.1753","29.5972","171.22K","1.03%"
"17.04.2020","29.5864","29.9286","30.0580","29.4904","165.65K","-1.03%"
"16.04.2020","29.8932","30.0306","30.5035","29.8967","167.65K","-0.36%"
"15.04.2020","30.0011","29.5224","30.2763","29.4893","170.69K","1.65%"
"14.04.2020","29.5138","29.5737","29.8326","29.3934","159.07K","0.05%"
"13.04.2020","29.4990","29.1284","29.8568","28.9517","129.82K","1.54%"
"10.04.2020","29.0505","29.3635","29.6350","29.0599","72.09K","-1.00%"
"09.04.2020","29.3440","29.7443","29.8339","29.0609","161.78K","-1.30%"
"08.04.2020","29.7302","29.9979","30.5042","29.6872","160.28K","-0.74%"
"07.04.2020","29.9533","30.1294","30.2949","29.4185","185.94K","-0.54%"
"06.04.2020","30.1159","30.6201","31.5124","30.1117","160.23K","-1.59%"
"03.04.2020","30.6022","30.0306","30.7600","29.9866","195.47K","1.96%"
"02.04.2020","30.0147","29.9982","30.4054","29.4866","195.01K","0.21%"
"01.04.2020","29.9512","29.4804","30.5160","29.3211","178.01K","1.71%"
"31.03.2020","29.4480","29.5503","29.8740","29.0054","183.21K","-0.27%"
"30.03.2020","29.5290","28.9683","30.4387","28.9357","170.09K","1.74%"
"27.03.2020","29.0237","27.9962","29.3469","27.8236","212.08K","3.70%"
"26.03.2020","27.9889","28.4670","28.8535","27.8584","184.82K","-1.54%"
"25.03.2020","28.4276","29.2148","29.3812","28.3139","169.90K","-2.61%"
"24.03.2020","29.1891","29.2877","29.7358","28.9443","169.14K","-0.24%"
"23.03.2020","29.2603","28.4773","29.3005","28.4150","140.73K","2.92%"
"20.03.2020","28.4291","27.5991","28.6570","27.3806","173.60K","3.05%"
"19.03.2020","27.5870","27.5603","28.5159","27.2659","196.42K","0.21%"
"18.03.2020","27.5279","27.6706","28.9328","27.3832","163.74K","-0.40%"
"17.03.2020","27.6387","28.0799","28.1401","27.3447","170.98K","-1.39%"
"16.03.2020","28.0278","26.9366","28.2726","26.6996","160.27K","4.23%"
"13.03.2020","26.8891","27.5634","27.8153","26.6210","217.94K","-2.33%"
"12.03.2020","27.5317","27.4119","29.1388","27.0592","224.32K","0.44%"
"11.03.2020","27.4098","26.8971","27.6035","26.7612","179.03K","1.89%"
"10.03.2020","26.9006","27.3386","27.5523","26.5537","179.36K","-1.43%"
"09.03.2020","27.2915","26.2264","28.6344","26.1943","154.90K","4.06%"
"06.03.2020","26.2276","25.7131","26.4889","25.6593","188.96K","1.95%"
"05.03.2020","25.7264","25.1472","25.8682","25.1080","201.11K","2.36%"
"04.03.2020","25.1337","24.9258","25.2045","24.5737","201.16K","0.89%"
"03.03.2020","24.9129","24.7453","25.0438","24.5501","215.11K","0.71%"
"02.03.2020","24.7369","25.1070","25.4688","24.7234","182.12K","-1.60%"
"28.02.2020","25.1387","25.1425","25.7091","25.0529","232.52K","0.02%"
"27.02.2020","25.1341","24.8866","25.1764","24.8622","230.73K","1.02%"
"26.02.2020","24.8796","24.8311","24.9214","24.6822","222.39K","0.27%"
"25.02.2020","24.8116","24.6595","24.9977","24.5042","181.18K","0.69%"
"24.02.2020","24.6425","24.4984","24.9000","24.4771","161.23K","0.56%"
"21.02.2020","24.5048","24.2584","24.7193","24.2484","153.06K","1.06%"
"20.02.2020","24.2473","23.9877","24.2990","23.9716","157.98K","1.13%"
"19.02.2020","23.9757","24.1661","24.1905","23.9601","145.35K","-0.76%"
"18.02.2020","24.1596","24.1352","24.3258","24.1213","145.08K","0.15%"
"17.02.2020","24.1235","24.1613","24.2244","24.1129","126.89K","-0.23%"
"14.02.2020","24.1787","24.2740","24.2842","24.1446","153.65K","-0.30%"
"13.02.2020","24.2507","24.1322","24.3914","24.1161","166.12K","0.54%"
"12.02.2020","24.1215","24.1667","24.2248","24.1187","146.65K","-0.16%"
"11.02.2020","24.1593","24.1481","24.2340","24.0795","149.57K","0.06%"
"10.02.2020","24.1437","24.2064","24.3725","24.1306","160.21K","-0.17%"
"07.02.2020","24.1845","24.1277","24.3960","24.1018","152.86K","0.28%"
"06.02.2020","24.1161","24.1870","24.2126","24.0709","160.65K","-0.22%"
"05.02.2020","24.1683","24.3239","24.3981","24.0916","147.65K","-0.59%"
"04.02.2020","24.3113","24.4530","24.4821","24.2425","144.63K","-0.52%"
"03.02.2020","24.4385","24.9082","24.9082","24.3659","146.95K","-1.70%"
"31.01.2020","24.8607","24.6010","24.9755","24.5534","159.43K","1.14%"
"30.01.2020","24.5808","24.3461","24.7145","24.3063","158.92K","1.00%"
"29.01.2020","24.3363","24.3925","24.4393","24.2691","141.69K","-0.18%"
"28.01.2020","24.3807","24.6961","24.7072","24.3426","148.66K","-1.20%"
"27.01.2020","24.6767","24.5686","24.8265","24.5460","152.16K","0.45%"
"24.01.2020","24.5672","24.6261","24.7104","24.5371","191.68K","-0.18%"
"23.01.2020","24.6111","24.5604","24.7177","24.5322","142.34K","0.26%"
"22.01.2020","24.5464","24.4993","24.6051","24.4445","189.75K","0.26%"
"21.01.2020","24.4832","24.2873","24.5301","24.2600","157.51K","0.87%"
"20.01.2020","24.2730","24.2649","24.2951","24.1975","134.31K","0.03%"
"17.01.2020","24.2663","24.5639","24.6224","24.2625","151.01K","-1.14%"
"16.01.2020","24.5465","24.5001","24.5881","24.4860","154.49K","0.25%"
"15.01.2020","24.4856","24.4552","24.5238","24.4072","136.72K","0.20%"
"14.01.2020","24.4379","24.4220","24.5231","24.3827","139.64K","0.14%"
"13.01.2020","24.4047","24.5310","24.5479","24.3399","147.77K","-0.49%"
"10.01.2020","24.5261","24.6173","24.6673","24.4780","190.08K","-0.32%"
"09.01.2020","24.6040","24.6444","24.7107","24.4531","192.87K","-0.12%"
"08.01.2020","24.6328","24.8134","24.9389","24.5825","201.78K","-0.67%"
"07.01.2020","24.7998","24.8101","24.8776","24.7094","188.33K","-0.01%"
"06.01.2020","24.8027","24.7438","24.8798","24.7089","151.76K","0.19%"
"03.01.2020","24.7548","24.7504","24.8708","24.6518","189.27K","0.01%"
"02.01.2020","24.7528","25.0951","25.1142","24.7361","143.33K","-1.32%"
"01.01.2020","25.0832","25.1064","25.1348","25.0609","10.95K","-0.10%"
"31.12.2019","25.1078","24.8315","25.1291","24.7896","171.56K","1.19%"
"30.12.2019","24.8137","24.6157","24.8710","24.6052","143.23K","0.77%"
"27.12.2019","24.6242","24.6075","24.8022","24.5683","123.51K","0.12%"
"26.12.2019","24.5952","24.5986","24.6778","24.5724","123.53K","0.05%"
"25.12.2019","24.5838","24.5728","24.6546","24.5196","35.66K","0.10%"
"24.12.2019","24.5587","24.5270","24.6262","24.4816","167.80K","0.20%"
"23.12.2019","24.5106","24.6149","24.6861","24.4241","146.51K","-0.46%"
"20.12.2019","24.6245","24.6146","24.7442","24.5704","186.21K","0.10%"
"19.12.2019","24.6001","24.8067","24.9704","24.5826","181.51K","-0.77%"
"18.12.2019","24.7921","24.8598","24.8843","24.7252","180.71K","-0.22%"
"17.12.2019","24.8461","25.2373","25.2559","24.7712","154.00K","-1.50%"
"16.12.2019","25.2254","25.3496","25.5953","25.2276","144.12K","-0.41%"
"13.12.2019","25.3280","25.0972","25.7404","25.0825","182.55K","1.01%"
"12.12.2019","25.0736","25.2425","25.2868","24.9417","163.56K","-0.57%"
"11.12.2019","25.2178","25.3382","25.3505","25.2120","142.36K","-0.43%"
"10.12.2019","25.3259","25.2857","25.4188","25.2193","118.70K","0.21%"
"09.12.2019","25.2720","25.3704","25.4034","25.2585","122.39K","-0.32%"
"06.12.2019","25.3519","25.4937","25.5235","25.3094","176.63K","-0.50%"
"05.12.2019","25.4799","25.4660","25.6045","25.4253","168.24K","0.10%"
"04.12.2019","25.4532","25.4084","25.5917","25.3956","151.70K","0.22%"
"03.12.2019","25.3968","25.3284","25.5177","25.2936","163.71K","0.28%"
"02.12.2019","25.3248","25.2757","25.3662","25.1848","142.07K","0.10%"
"29.11.2019","25.2995","25.1400","25.3446","25.0291","151.20K","0.64%"
"28.11.2019","25.1382","25.2178","25.3757","25.1278","145.76K","-0.28%"
"27.11.2019","25.2081","25.1147","25.2609","25.0313","136.39K","0.43%"
"26.11.2019","25.1013","25.0809","25.2037","24.9522","141.39K","0.12%"
"25.11.2019","25.0713","24.8972","25.1468","24.8167","137.17K","0.87%"
"22.11.2019","24.8544","25.0358","25.0914","24.8298","139.44K","-0.68%"
"21.11.2019","25.0235","25.1569","25.2694","24.9764","147.91K","-0.47%"
"20.11.2019","25.1423","25.0002","25.2700","24.9867","141.61K","0.63%"
"19.11.2019","24.9860","25.0250","25.1220","24.8976","132.86K","-0.11%"
"18.11.2019","25.0124","24.7537","25.0426","24.7432","130.79K","1.13%"
"15.11.2019","24.7319","24.8867","24.9056","24.7152","140.57K","-0.58%"
"14.11.2019","24.8764","24.8762","25.0729","24.8578","143.65K","0.06%"
"13.11.2019","24.8627","24.8092","25.0605","24.8016","118.84K","0.26%"
"12.11.2019","24.7977","24.5720","24.9133","24.5056","127.04K","0.97%"
"11.11.2019","24.5601","24.4108","24.6672","24.4108","119.73K","0.71%"
"08.11.2019","24.3870","24.5205","24.6127","24.3697","137.81K","-0.52%"
"07.11.2019","24.5138","24.6096","24.6636","24.4784","184.11K","-0.37%"
"06.11.2019","24.6038","24.7482","24.8139","24.5989","177.10K","-0.52%"
"05.11.2019","24.7334","24.7057","24.7885","24.6128","188.25K","0.14%"
"04.11.2019","24.6987","24.7382","24.7579","24.6017","149.98K","-0.04%"
"01.11.2019","24.7094","24.8895","24.9291","24.6875","142.78K","-0.69%"
"31.10.2019","24.8810","24.6222","24.9338","24.6017","159.51K","1.08%"
"30.10.2019","24.6159","24.6087","24.7375","24.5733","156.63K","0.10%"
"29.10.2019","24.5914","24.5995","24.6741","24.4643","172.90K","0.00%"
"28.10.2019","24.5909","24.4500","24.6131","24.4063","141.89K","0.67%"
"25.10.2019","24.4279","24.5940","24.6082","24.3895","146.68K","-0.61%"
"24.10.2019","24.5782","24.6813","24.7683","24.4207","165.45K","-0.41%"
"23.10.2019","24.6799","24.6465","24.7106","24.5812","167.48K","0.16%"
"22.10.2019","24.6395","24.7822","24.8634","24.5947","159.18K","-0.52%"
"21.10.2019","24.7688","24.6958","24.9324","24.6323","158.08K","-0.03%"
"18.10.2019","24.7755","24.7449","24.8167","24.6278","173.56K","0.16%"
"17.10.2019","24.7359","24.6401","24.8852","24.4795","186.25K","0.41%"
"16.10.2019","24.6355","24.6028","24.7456","24.3897","166.01K","0.14%"
"15.10.2019","24.6003","24.2975","24.6390","24.2672","161.06K","1.30%"
"14.10.2019","24.2842","24.4461","24.4557","24.1458","150.86K","-0.60%"
"11.10.2019","24.4302","24.1968","24.5571","24.0831","180.76K","1.02%"
"10.10.2019","24.1840","23.8871","24.2831","23.8442","167.84K","1.30%"
"09.10.2019","23.8741","23.9806","24.0850","23.8004","135.32K","-0.43%"
"08.10.2019","23.9771","24.0604","24.0739","23.8522","146.62K","-0.29%"
"07.10.2019","24.0466","24.0542","24.1477","23.9819","116.00K","-0.03%"
"04.10.2019","24.0549","24.2390","24.2792","23.9463","144.08K","-0.68%"
"03.10.2019","24.2184","24.3571","24.5825","24.2161","154.11K","-0.52%"
"02.10.2019","24.3456","24.3876","24.4293","24.2625","150.91K","-0.16%"
"01.10.2019","24.3843","24.2552","24.4289","24.1545","156.23K","0.59%"
"30.09.2019","24.2420","24.2031","24.3732","24.1789","143.86K","0.21%"
"27.09.2019","24.1910","24.2402","24.2971","24.0817","160.40K","-0.17%"
"26.09.2019","24.2312","24.1726","24.3158","24.0753","161.15K","0.30%"
"25.09.2019","24.1591","24.2859","24.3913","24.1301","151.27K","-0.47%"
"24.09.2019","24.2727","24.2073","24.3487","24.1271","153.30K","0.31%"
"23.09.2019","24.1968","24.2566","24.2773","24.1071","129.52K","-0.28%"
"20.09.2019","24.2638","24.3780","24.4243","24.2179","168.89K","-0.38%"
"19.09.2019","24.3562","24.1945","24.3937","24.0900","163.50K","0.71%"
"18.09.2019","24.1842","24.2073","24.3161","24.0526","154.65K","-0.07%"
"17.09.2019","24.2008","24.1646","24.2999","24.1147","156.15K","0.17%"
"16.09.2019","24.1599","24.2601","24.3018","24.0655","157.31K","-0.36%"
"13.09.2019","24.2479","23.9755","24.3141","23.9314","167.39K","1.20%"
"12.09.2019","23.9605","24.0481","24.1143","23.8514","178.31K","-0.33%"
"11.09.2019","24.0394","24.0772","24.1724","24.0412","158.74K","-0.10%"
"10.09.2019","24.0624","24.1683","24.2419","24.0560","157.65K","-0.35%"
"09.09.2019","24.1474","24.0378","24.2103","23.9188","160.21K","0.68%"
"06.09.2019","23.9839","24.3466","24.3785","23.9830","174.46K","-1.46%"
"05.09.2019","24.3393","24.1602","24.3776","24.0025","188.57K","0.79%"
"04.09.2019","24.1492","24.1236","24.2209","24.0177","173.08K","0.06%"
"03.09.2019","24.1350","24.3144","24.3232","24.0711","174.21K","-0.69%"
"02.09.2019","24.3015","24.3859","24.4865","24.2093","135.38K","-0.33%"
"30.08.2019","24.3819","24.5309","24.6020","24.3195","171.29K","-0.63%"
"29.08.2019","24.5369","24.5492","24.7239","24.4648","175.42K","0.00%"
"28.08.2019","24.5361","24.5659","24.6084","24.2935","171.64K","-0.04%"
"27.08.2019","24.5470","24.3535","24.7066","24.3419","163.27K","0.81%"
"26.08.2019","24.3499","24.4170","24.6956","24.2301","156.54K","-0.40%"
"23.08.2019","24.4471","24.2878","24.5046","24.0964","179.59K","0.70%"
"22.08.2019","24.2766","23.8773","24.3288","23.8593","166.44K","1.68%"
"21.08.2019","23.8748","24.0555","24.0697","23.8370","159.92K","-0.71%"
"20.08.2019","24.0454","24.0867","24.1201","23.9003","166.47K","-0.12%"
"19.08.2019","24.0742","23.8834","24.1716","23.7952","150.54K","0.84%"
"16.08.2019","23.8730","23.7006","23.9202","23.6710","152.36K","0.78%"
"15.08.2019","23.6871","23.7323","23.9552","23.6254","164.15K","-0.16%"
"14.08.2019","23.7257","23.3690","23.8218","23.3530","166.94K","1.58%"
"13.08.2019","23.3561","23.6757","23.7999","23.3469","166.10K","-1.33%"
"12.08.2019","23.6702","23.3852","23.9030","23.3248","157.13K","1.41%"
"09.08.2019","23.3402","23.5378","23.6415","23.3256","156.02K","-0.84%"
"08.08.2019","23.5390","23.8325","23.9007","23.5401","165.88K","-1.18%"
"07.08.2019","23.8205","23.8181","24.0126","23.6986","174.26K","0.03%"
"06.08.2019","23.8136","23.8152","23.9827","23.7595","175.88K","0.03%"
"05.08.2019","23.8073","23.4449","23.9030","23.4144","171.86K","1.50%"
"02.08.2019","23.4560","23.3389","23.5375","23.2404","168.84K","0.54%"
"01.08.2019","23.3307","23.2564","23.4262","23.1862","180.59K","0.34%"
"31.07.2019","23.2521","23.1698","23.3177","23.0917","165.82K","0.40%"
"30.07.2019","23.1596","23.2951","23.3116","23.1185","168.88K","-0.51%"
"29.07.2019","23.2778","23.5886","23.5970","23.2811","151.88K","-1.22%"
"26.07.2019","23.5653","23.6999","23.7376","23.5644","155.61K","-0.55%"
"25.07.2019","23.6965","23.7929","23.9035","23.6766","168.38K","-0.38%"
"24.07.2019","23.7857","23.8547","23.9678","23.7770","147.20K","-0.25%"
"23.07.2019","23.8447","23.7749","23.8863","23.6927","160.71K","0.34%"
"22.07.2019","23.7643","23.8051","23.8584","23.6709","144.86K","-0.06%"
"19.07.2019","23.7786","23.7670","23.8577","23.7319","159.05K","0.04%"
"18.07.2019","23.7702","23.7072","23.8678","23.6876","167.51K","0.31%"
"17.07.2019","23.6965","23.6900","23.7451","23.6005","152.72K","0.10%"
"16.07.2019","23.6724","23.7518","23.7721","23.5306","159.07K","-0.28%"
"15.07.2019","23.7398","23.8931","23.8985","23.7234","150.53K","-0.52%"
"12.07.2019","23.8628","23.8799","23.9757","23.8361","181.36K","-0.04%"
"11.07.2019","23.8732","23.9231","24.0926","23.8671","181.79K","-0.16%"
"10.07.2019","23.9106","23.8825","24.1467","23.8316","168.91K","0.14%"
"09.07.2019","23.8761","23.6667","24.1000","23.5094","162.67K","0.91%"
"08.07.2019","23.6612","23.7967","23.8467","23.5907","146.83K","-0.59%"
"05.07.2019","23.8013","23.9109","23.9354","23.7691","162.89K","-0.38%"
"04.07.2019","23.8919","23.9107","23.9478","23.8501","150.15K","-0.03%"
"03.07.2019","23.8981","23.9894","24.0196","23.8953","154.06K","-0.37%"
"02.07.2019","23.9869","24.1769","24.2055","23.9836","169.64K","-0.71%"
"01.07.2019","24.1579","24.4125","24.4279","24.0683","160.43K","-0.96%"
"28.06.2019","24.3911","24.3134","24.4734","24.2744","172.25K","0.34%"
"27.06.2019","24.3080","24.2778","24.3556","24.2333","168.48K","0.14%"
"26.06.2019","24.2734","24.4151","24.4447","24.2511","173.36K","-0.47%"
"25.06.2019","24.3876","24.4666","24.5734","24.3754","161.28K","-0.27%"
"24.06.2019","24.4532","24.3300","24.4787","24.2912","150.10K","0.41%"
"21.06.2019","24.3523","24.1380","24.4133","24.0739","189.73K","0.96%"
"20.06.2019","24.1199","24.0416","24.1912","23.9536","195.42K","0.35%"
"19.06.2019","24.0362","24.0154","24.2712","23.9750","166.20K","0.13%"
"18.06.2019","24.0053","24.0369","24.0993","23.8482","169.23K","-0.12%"
"17.06.2019","24.0344","24.1390","24.1682","24.0264","159.86K","-0.31%"
"14.06.2019","24.1099","24.3306","24.3678","24.0756","193.09K","-0.84%"
"13.06.2019","24.3150","24.3277","24.3897","24.2614","194.75K","0.01%"
"12.06.2019","24.3121","24.3433","24.4478","24.2839","193.54K","-0.08%"
"11.06.2019","24.3308","24.3778","24.4205","24.2728","197.22K","-0.17%"
"10.06.2019","24.3724","24.9273","24.9371","24.2704","176.17K","-2.40%"
"07.06.2019","24.9720","25.0065","25.1844","24.9190","170.58K","-0.07%"
"06.06.2019","24.9888","24.8407","25.1860","24.7768","197.18K","0.65%"
"05.06.2019","24.8277","24.8414","25.0554","24.7167","200.39K","-0.02%"
"04.06.2019","24.8331","25.0495","25.1276","24.7505","213.31K","-0.81%"
"03.06.2019","25.0354","24.7682","25.1871","24.7479","174.47K","1.09%"
"31.05.2019","24.7645","24.1348","24.9651","24.1343","224.37K","2.67%"
"30.05.2019","24.1216","24.1574","24.2055","23.9960","201.14K","-0.11%"
"29.05.2019","24.1482","24.2860","24.4159","24.1474","207.70K","-0.55%"
"28.05.2019","24.2822","24.1659","24.3300","24.1332","200.69K","0.53%"
"27.05.2019","24.1536","24.2313","24.2855","24.1213","169.27K","-0.22%"
"24.05.2019","24.2057","24.1017","24.2837","24.0672","205.89K","0.48%"
"23.05.2019","24.0894","24.0427","24.1936","23.9799","213.19K","0.21%"
"22.05.2019","24.0392","24.1546","24.2062","23.9370","198.50K","-0.44%"
"21.05.2019","24.1455","24.2685","24.3627","24.1323","204.53K","-0.45%"
"20.05.2019","24.2558","24.3683","24.4507","24.2478","169.04K","-0.46%"
"17.05.2019","24.3676","24.4754","24.5261","24.3092","182.92K","-0.39%"
"16.05.2019","24.4622","24.4688","24.5183","24.3358","183.54K","-0.04%"
"15.05.2019","24.4718","24.7201","24.7948","24.4338","198.28K","-0.97%"
"14.05.2019","24.7118","24.9102","24.9380","24.6771","190.47K","-0.77%"
"13.05.2019","24.9047","24.8277","25.0832","24.8181","178.13K","0.34%"
"10.05.2019","24.8202","25.0176","25.0784","24.7730","200.60K","-0.76%"
"09.05.2019","25.0097","24.8242","25.1583","24.7910","203.74K","0.78%"
"08.05.2019","24.8167","24.8897","24.9093","24.7574","199.60K","-0.26%"
"07.05.2019","24.8824","24.8715","24.9524","24.7983","209.60K","0.11%"
"06.05.2019","24.8550","24.8100","25.1264","24.7920","174.72K","-0.24%"
"03.05.2019","24.9136","24.9226","25.0118","24.7713","182.09K","0.00%"
"02.05.2019","24.9138","24.7875","24.9594","24.7033","181.37K","0.52%"
"01.05.2019","24.7850","24.6945","24.7980","24.6064","170.29K","0.42%"
"30.04.2019","24.6810","24.5994","24.8307","24.5671","202.38K","0.36%"
"29.04.2019","24.5921","24.4827","24.6119","24.4164","167.77K","0.56%"
"26.04.2019","24.4542","24.5371","24.6257","24.4304","243.57K","-0.28%"
"25.04.2019","24.5236","24.6010","24.7268","24.5058","234.48K","-0.30%"
"24.04.2019","24.5975","24.4564","24.6754","24.4452","240.47K","0.61%"
"23.04.2019","24.4481","24.4443","24.6191","24.4266","226.10K","0.05%"
"22.04.2019","24.4354","24.3878","24.4990","24.3580","170.90K","0.24%"
"19.04.2019","24.3781","24.4412","24.4991","24.3620","180.42K","-0.21%"
"18.04.2019","24.4292","24.5552","24.6277","24.3720","221.31K","-0.52%"
"17.04.2019","24.5564","24.6270","24.6532","24.5137","209.95K","-0.27%"
"16.04.2019","24.6229","24.6989","24.8367","24.5988","223.70K","-0.27%"
"15.04.2019","24.6885","24.5347","24.7733","24.5136","190.85K","0.65%"
"12.04.2019","24.5279","24.5994","24.6569","24.4978","224.17K","-0.19%"
"11.04.2019","24.5755","24.6355","24.7390","24.5742","240.91K","-0.18%"
"10.04.2019","24.6204","24.7113","24.7394","24.5914","227.23K","-0.42%"
"09.04.2019","24.7239","24.7810","24.8556","24.6304","221.80K","-0.17%"
"08.04.2019","24.7656","24.8646","24.9916","24.6891","189.60K","-0.40%"
"05.04.2019","24.8640","25.0420","25.1395","24.7714","240.99K","-0.70%"
"04.04.2019","25.0384","25.2945","25.4076","24.9952","245.30K","-0.95%"
"03.04.2019","25.2784","25.2512","25.3357","25.1409","263.23K","0.11%"
"02.04.2019","25.2496","25.0825","25.2783","24.8478","268.11K","0.72%"
"01.04.2019","25.0689","25.3306","25.3461","25.0716","206.18K","-0.95%"
"29.03.2019","25.3082","25.2304","25.3433","25.0518","261.04K","0.34%"
"28.03.2019","25.2225","25.5372","25.6035","25.1824","272.70K","-1.19%"
"27.03.2019","25.5254","25.2352","25.6527","25.1978","253.67K","1.17%"
"26.03.2019","25.2293","25.0933","25.2875","25.0362","237.68K","0.51%"
"25.03.2019","25.1003","25.2260","25.3209","25.0295","194.41K","-0.44%"
"22.03.2019","25.2100","24.7264","25.3512","24.7055","277.09K","1.98%"
"21.03.2019","24.7200","24.8463","24.8746","24.5569","266.41K","-0.51%"
"20.03.2019","24.8457","25.2300","25.2579","24.8004","264.07K","-1.50%"
"19.03.2019","25.2253","25.2619","25.3333","25.1782","230.34K","-0.10%"
"18.03.2019","25.2508","25.5213","25.5683","25.2038","177.97K","-1.06%"
"15.03.2019","25.5201","25.5816","25.6255","25.4468","261.89K","-0.22%"
"14.03.2019","25.5770","25.7248","25.7330","25.4897","285.30K","-0.52%"
"13.03.2019","25.7115","25.2994","25.8272","25.2496","264.49K","1.65%"
"12.03.2019","25.2933","25.5139","25.7836","25.1815","288.98K","-0.83%"
"11.03.2019","25.5057","25.3827","25.5779","25.2463","235.07K","0.53%"
"08.03.2019","25.3705","25.5819","25.6674","25.2960","237.43K","-0.82%"
"07.03.2019","25.5794","25.5037","25.7521","25.3706","245.93K","0.33%"
"06.03.2019","25.4952","25.3643","25.5487","25.2776","260.59K","0.54%"
"05.03.2019","25.3579","25.4492","25.4662","25.2236","246.54K","-0.31%"
"04.03.2019","25.4358","25.4554","25.6926","25.4120","221.14K","0.05%"
"01.03.2019","25.4236","25.5725","25.6307","25.3930","265.03K","-0.55%"
"28.02.2019","25.5639","25.5180","25.6587","25.4456","270.89K","0.25%"
"27.02.2019","25.5011","25.4076","25.6661","25.3826","275.41K","0.42%"
"26.02.2019","25.3950","25.0438","25.4836","25.0422","255.77K","1.40%"
"25.02.2019","25.0455","25.0327","25.1751","24.8771","213.97K","0.27%"
"22.02.2019","24.9770","25.1744","25.1937","24.8913","241.60K","-0.74%"
"21.02.2019","25.1637","25.0827","25.2157","25.0138","277.94K","0.36%"
"20.02.2019","25.0723","25.0098","25.1331","24.9450","269.57K","0.29%"
"19.02.2019","24.9994","24.8700","25.0523","24.8087","226.73K","0.57%"
"18.02.2019","24.8581","24.8000","24.9249","24.7880","190.72K","0.27%"
"15.02.2019","24.7903","24.6602","24.9289","24.5966","247.54K","0.51%"
"14.02.2019","24.6650","24.9669","24.9980","24.6262","250.70K","-1.15%"
"13.02.2019","24.9520","24.8242","25.0522","24.7771","246.71K","0.56%"
"12.02.2019","24.8140","24.8108","24.9083","24.7125","258.81K","0.07%"
"11.02.2019","24.7969","24.7038","24.8696","24.5935","207.36K","0.44%"
"08.02.2019","24.6884","24.7386","24.7770","24.6231","238.98K","-0.15%"
"07.02.2019","24.7254","24.7127","24.8417","24.6313","251.25K","0.09%"
"06.02.2019","24.7027","24.6511","24.8755","24.6280","262.67K","0.31%"
"05.02.2019","24.6271","24.9143","24.9522","24.6384","239.29K","-1.11%"
"04.02.2019","24.9026","24.9917","25.0851","24.8456","188.56K","-0.27%"
"01.02.2019","24.9711","25.0474","25.1579","24.8880","275.21K","-0.28%"
"31.01.2019","25.0420","25.0949","25.1661","24.8682","283.22K","-0.16%"
"30.01.2019","25.0817","24.8235","25.1399","24.7962","287.85K","1.11%"
"29.01.2019","24.8071","25.0655","25.1134","24.8069","277.01K","-0.98%"
"28.01.2019","25.0521","25.0518","25.1339","24.9790","221.35K","0.02%"
"25.01.2019","25.0475","24.8477","25.1279","24.7127","266.19K","0.81%"
"24.01.2019","24.8451","24.8683","24.9389","24.7071","255.99K","-0.05%"
"23.01.2019","24.8566","24.8398","25.0378","24.7672","256.78K","0.10%"
"22.01.2019","24.8324","24.7069","24.9013","24.6927","239.77K","0.55%"
"21.01.2019","24.6960","24.5840","24.7840","24.5284","213.55K","0.56%"
"18.01.2019","24.5585","24.6959","24.7439","24.5070","254.19K","-0.51%"
"17.01.2019","24.6834","24.3433","24.7414","24.2824","279.81K","1.46%"
"16.01.2019","24.3283","24.4309","24.5514","24.3164","","-0.36%"
"15.01.2019","24.4154","24.4179","24.5293","24.1001","","0.03%"
"14.01.2019","24.4075","24.5926","24.7048","24.4058","","-0.70%"
"11.01.2019","24.5795","24.4035","24.6257","24.2463","","0.83%"
"10.01.2019","24.3762","24.5882","24.6331","24.3738","","-0.84%"
"09.01.2019","24.5817","24.6271","24.7151","24.4858","","-0.15%"
"08.01.2019","24.6176","24.7463","24.8318","24.5299","12.46K","-0.46%"
"07.01.2019","24.7311","24.7205","24.8233","24.6078","12.26K","0.07%"
"04.01.2019","24.7139","24.7989","24.8840","24.6748","0.00K","-0.28%"
"03.01.2019","24.7826","24.6689","24.8325","24.4046","13.52K","0.49%"
"02.01.2019","24.6624","25.0593","25.0997","24.6124","11.51K","-1.53%"
"01.01.2019","25.0468","25.0741","25.0881","25.0021","8.23K","-0.03%"
"31.12.2018","25.0551","24.9326","25.1968","24.9151","","0.35%"
"28.12.2018","24.9666","24.8790","25.0784","24.8587","","0.41%"
"27.12.2018","24.8643","25.1472","25.2478","24.8020","","-1.09%"
"26.12.2018","25.1377","25.2466","25.3964","25.1292","","-0.47%"
"25.12.2018","25.2560","25.2899","25.4405","25.2178","","-0.08%"
"24.12.2018","25.2754","25.2439","25.3689","25.1219","","0.36%"
"21.12.2018","25.1842","25.1708","25.3407","25.0837","","0.13%"
"20.12.2018","25.1518","25.3673","25.4317","25.0879","","-0.78%"
"19.12.2018","25.3502","25.3902","25.5189","25.1984","","-0.11%"
"18.12.2018","25.3776","25.3458","25.5254","25.3082","","0.15%"
"17.12.2018","25.3384","25.4729","25.5446","25.2395","","-0.47%"
"14.12.2018","25.4572","25.7113","25.8419","25.4052","","-0.98%"
"13.12.2018","25.7086","25.3584","25.7532","25.3202","","1.43%"
"12.12.2018","25.3449","25.2292","25.5048","25.1766","","0.49%"
"11.12.2018","25.2217","25.5114","25.7126","25.1828","","-1.09%"
"10.12.2018","25.4990","25.7976","25.8622","25.4743","","-1.09%"
"07.12.2018","25.7797","26.0190","26.0921","25.7141","","-0.88%"
"06.12.2018","26.0075","26.1052","26.3687","25.9650","","-0.32%"
"05.12.2018","26.0922","26.1014","26.2469","25.9639","","0.04%"
"04.12.2018","26.0808","25.9093","26.2137","25.8074","","0.72%"
"03.12.2018","25.8931","26.0544","26.0979","25.4417","","-0.47%"
"30.11.2018","26.0151","25.8911","26.0698","25.8365","","0.53%"
"29.11.2018","25.8782","26.0299","26.0419","25.7477","","-0.53%"
"28.11.2018","26.0148","26.1088","26.2309","25.9269","","-0.30%"
"27.11.2018","26.0931","26.4611","26.4746","26.0405","","-1.37%"
"26.11.2018","26.4565","26.2340","26.4636","26.0798","","1.22%"
"23.11.2018","26.1365","26.1584","26.2256","26.0161","","-0.03%"
"22.11.2018","26.1441","25.8673","26.1952","25.8518","","1.11%"
"21.11.2018","25.8579","26.0351","26.1056","25.7728","","-0.62%"
"20.11.2018","26.0182","26.1917","26.3498","25.9464","","-0.60%"
"19.11.2018","26.1747","25.8591","26.2437","25.8234","","1.24%"
"16.11.2018","25.8550","25.8413","26.1788","25.7295","","0.08%"
"15.11.2018","25.8341","26.5147","26.5569","25.7590","","-2.57%"
"14.11.2018","26.5143","26.5866","26.7273","26.2787","","-0.19%"
"13.11.2018","26.5642","26.1702","26.7011","26.0770","","1.56%"
"12.11.2018","26.1557","26.1019","26.2651","25.9505","","0.11%"
"09.11.2018","26.1276","26.3794","26.5361","26.0222","","-0.94%"
"08.11.2018","26.3767","26.0863","26.4002","25.9877","","1.18%"
"07.11.2018","26.0695","25.8384","26.1816","25.7516","","0.91%"
"06.11.2018","25.8341","25.9373","26.1406","25.8059","","-0.34%"
"05.11.2018","25.9228","26.0986","26.2185","25.9081","","-0.19%"
"02.11.2018","25.9711","26.2246","26.2808","25.8881","","-0.92%"
"01.11.2018","26.2125","25.9657","26.2763","25.9130","","1.00%"
"31.10.2018","25.9526","25.4790","26.1207","25.4336","","1.93%"
"30.10.2018","25.4612","25.6656","25.7322","25.4081","","-0.75%"
"29.10.2018","25.6544","24.8360","25.7575","24.7948","","3.31%"
"26.10.2018","24.8318","24.9810","25.0903","24.7979","","-0.57%"
"25.10.2018","24.9752","25.2635","25.2973","24.8612","","-1.07%"
"24.10.2018","25.2449","25.0539","25.2973","24.8842","","0.77%"
"23.10.2018","25.0514","25.1641","25.3040","25.0075","","-0.41%"
"22.10.2018","25.1547","25.1772","25.2394","25.0380","","-0.06%"
"19.10.2018","25.1689","24.9353","25.2803","24.8587","","0.94%"
"18.10.2018","24.9353","24.7513","25.0491","24.6987","","0.70%"
"17.10.2018","24.7611","24.7333","24.7995","24.6618","","0.14%"
"16.10.2018","24.7274","24.7707","24.9310","24.7039","","-0.22%"
"15.10.2018","24.7826","24.7797","24.8362","24.6774","","-0.11%"
"12.10.2018","24.8100","25.1276","25.1367","24.7887","","-1.23%"
"11.10.2018","25.1184","25.2798","25.3837","25.0061","","-0.64%"
"10.10.2018","25.2794","25.0252","25.2973","24.9518","","1.01%"
"09.10.2018","25.0262","24.7944","25.0515","24.7416","","0.93%"
"08.10.2018","24.7958","24.6705","24.8118","24.5094","","0.37%"
"05.10.2018","24.7056","24.8751","24.9487","24.6482","","-0.66%"
"04.10.2018","24.8708","24.6493","24.9951","24.6116","","0.92%"
"03.10.2018","24.6442","24.3941","24.6780","24.3094","","1.02%"
"02.10.2018","24.3947","24.4042","24.4735","24.2819","","-0.08%"
"01.10.2018","24.4134","24.3915","24.4543","24.1401","","0.09%"
"28.09.2018","24.3910","24.5874","24.6293","24.3583","","-0.73%"
"27.09.2018","24.5708","24.8054","24.8910","24.5500","","-0.97%"
"26.09.2018","24.8103","25.0600","25.0987","24.8012","","-0.91%"
"25.09.2018","25.0372","24.8866","25.0974","24.8045","","0.59%"
"24.09.2018","24.8895","24.5980","24.8914","24.5722","","1.07%"
"21.09.2018","24.6269","24.9688","25.0431","24.5585","","-1.41%"
"20.09.2018","24.9791","24.6885","25.0500","24.6598","","1.22%"
"19.09.2018","24.6792","24.7291","24.7790","24.5349","","-0.20%"
"18.09.2018","24.7281","24.7802","24.8772","24.6050","","-0.24%"
"17.09.2018","24.7879","24.6760","24.8350","24.6609","","0.44%"
"14.09.2018","24.6804","24.6883","24.7590","24.6140","","-0.03%"
"13.09.2018","24.6873","24.8151","24.8973","24.6394","","-0.51%"
"12.09.2018","24.8144","25.0061","25.0191","24.7934","","-0.79%"
"11.09.2018","25.0112","25.1033","25.1866","24.9377","","-0.37%"
"10.09.2018","25.1041","24.9907","25.2198","24.9224","","0.53%"
"07.09.2018","24.9715","24.8168","25.0191","24.7405","","0.66%"
"06.09.2018","24.8084","24.9585","25.1425","24.7574","","-0.63%"
"05.09.2018","24.9647","24.9426","25.2969","24.9068","","0.07%"
"04.09.2018","24.9461","24.6969","24.9817","24.6777","","0.98%"
"03.09.2018","24.7048","24.7396","24.8021","24.5975","","-0.15%"
"31.08.2018","24.7408","24.8805","24.9995","24.7106","","-0.52%"
"30.08.2018","24.8705","24.6952","24.9589","24.6732","","0.72%"
"29.08.2018","24.6923","24.5736","24.8535","24.4351","","0.49%"
"28.08.2018","24.5731","24.2016","24.6146","24.1594","","1.57%"
"27.08.2018","24.1944","24.2650","24.2844","23.9826","","-0.45%"
"24.08.2018","24.3037","24.3850","24.5011","24.1902","","-0.25%"
"23.08.2018","24.3654","24.1893","24.3764","24.1150","","0.76%"
"22.08.2018","24.1806","24.4516","24.5175","24.1726","","-1.13%"
"21.08.2018","24.4563","24.3226","24.4793","24.2310","","0.55%"
"20.08.2018","24.3217","24.0713","24.4100","24.0236","","0.95%"
"17.08.2018","24.0938","24.1381","24.3673","24.0070","","-0.21%"
"16.08.2018","24.1442","24.3036","24.3810","24.0803","","-0.64%"
"15.08.2018","24.3005","24.0272","24.4646","23.9724","","1.13%"
"14.08.2018","24.0281","24.4244","24.4569","23.9914","","-1.57%"
"13.08.2018","24.4124","24.1379","24.7322","24.0996","","1.10%"
"10.08.2018","24.1462","23.9699","24.2844","23.9635","","0.73%"
"09.08.2018","23.9716","23.8020","24.0863","23.7511","","0.75%"
"08.08.2018","23.7935","23.8844","23.9262","23.7194","","-0.37%"
"07.08.2018","23.8827","23.9613","24.0181","23.8436","","-0.36%"
"06.08.2018","23.9701","24.1443","24.1794","23.8977","","-0.68%"
"03.08.2018","24.1342","24.2819","24.3564","24.1119","","-0.60%"
"02.08.2018","24.2801","24.3996","24.5843","24.2318","","-0.49%"
"01.08.2018","24.3986","24.4774","24.5583","24.3478","","-0.33%"
"31.07.2018","24.4782","24.3536","24.5176","24.3055","","0.53%"
"30.07.2018","24.3488","24.3814","24.4840","24.2980","","-0.31%"
"27.07.2018","24.4245","24.4259","24.4934","24.3004","","0.03%"
"26.07.2018","24.4175","24.6237","24.7062","24.3965","","-0.83%"
"25.07.2018","24.6207","24.8132","24.8533","24.6066","","-0.80%"
"24.07.2018","24.8184","24.7459","24.9171","24.6682","","0.32%"
"23.07.2018","24.7401","24.9914","25.1495","24.7067","","-0.98%"
"20.07.2018","24.9861","24.7963","25.1217","24.7209","","0.77%"
"19.07.2018","24.7963","24.6980","24.8637","24.6456","","0.38%"
"18.07.2018","24.7015","24.7677","24.8695","24.5665","","-0.29%"
"17.07.2018","24.7733","24.8990","25.1249","24.6454","","-0.55%"
"16.07.2018","24.9093","24.9938","25.0566","24.8884","","-0.37%"
"13.07.2018","25.0013","25.0739","25.1096","24.8942","","-0.25%"
"12.07.2018","25.0643","25.2050","25.2378","24.8277","","-0.54%"
"11.07.2018","25.2001","25.1343","25.3129","25.0337","","0.29%"
"10.07.2018","25.1275","25.4875","25.5725","25.0535","","-1.40%"
"09.07.2018","25.4838","25.2993","25.5513","25.2731","","0.81%"
"06.07.2018","25.2794","25.4303","25.5277","25.2430","","-0.54%"
"05.07.2018","25.4157","25.7303","25.7804","25.3483","","-1.24%"
"04.07.2018","25.7346","25.6706","25.8296","25.6358","","0.26%"
"03.07.2018","25.6689","26.2275","26.3360","25.6519","","-2.12%"
"02.07.2018","26.2243","26.2507","26.5176","25.8808","","-0.32%"
"29.06.2018","26.3080","25.7909","26.3648","25.7271","","2.02%"
"28.06.2018","25.7872","26.4671","26.4934","25.7506","","-2.54%"
"27.06.2018","26.4602","26.3880","26.5450","26.2259","","0.24%"
"26.06.2018","26.3956","26.4073","26.5377","26.2005","","-0.07%"
"25.06.2018","26.4142","26.5660","26.7673","26.4100","","-0.54%"
"22.06.2018","26.5589","26.9519","27.0465","26.5120","","-1.40%"
"21.06.2018","26.9360","26.8137","27.0489","26.7545","","0.43%"
"20.06.2018","26.8203","27.0612","27.0846","26.8162","","-0.86%"
"19.06.2018","27.0526","27.1588","27.3673","26.9857","","-0.40%"
"18.06.2018","27.1621","27.3954","27.5186","27.1600","","-0.89%"
"15.06.2018","27.4073","27.7066","27.8038","27.3779","","-1.08%"
"14.06.2018","27.7060","27.6096","27.7372","27.3626","","0.34%"
"13.06.2018","27.6114","27.7050","27.7556","27.5151","","-0.33%"
"12.06.2018","27.7016","27.5438","27.7183","27.4171","","0.58%"
"11.06.2018","27.5431","27.1934","27.5759","27.1792","","1.22%"
"08.06.2018","27.2112","27.4852","27.6931","27.1455","","-1.00%"
"07.06.2018","27.4872","27.2258","27.7055","27.2048","","0.95%"
"06.06.2018","27.2297","27.4100","27.5289","27.1702","","-0.66%"
"05.06.2018","27.4099","26.7397","27.4241","26.7111","","2.55%"
"04.06.2018","26.7275","26.5882","26.7589","26.5501","","0.41%"
"01.06.2018","26.6195","26.4888","26.6469","26.3816","","0.50%"
"31.05.2018","26.4859","26.2169","26.6648","26.1964","","1.01%"
"30.05.2018","26.2202","26.2863","26.3710","26.1092","","-0.26%"
"29.05.2018","26.2897","26.0746","26.3633","25.9760","","0.77%"
"28.05.2018","26.0885","26.0101","26.1268","25.9424","","0.28%"
"25.05.2018","26.0160","26.1917","26.2449","25.9395","","-0.67%"
"24.05.2018","26.1906","26.2142","26.4746","26.1336","","-0.04%"
"23.05.2018","26.2015","26.5663","26.7085","26.0573","","-1.37%"
"22.05.2018","26.5666","26.6216","26.6598","26.4736","","-0.19%"
"21.05.2018","26.6179","26.8722","26.8990","26.5902","","-0.99%"
"18.05.2018","26.8850","26.6887","26.9358","26.5518","","0.78%"
"17.05.2018","26.6762","26.3982","26.6916","26.3129","","1.05%"
"16.05.2018","26.3990","26.6016","26.7111","26.3881","","-0.76%"
"15.05.2018","26.6011","26.6063","26.8341","26.5233","","-0.01%"
"14.05.2018","26.6033","26.3245","26.6207","26.2094","","1.12%"
"11.05.2018","26.3083","25.9928","26.3474","25.9611","","1.21%"
"10.05.2018","25.9929","26.4974","26.5774","25.9495","","-1.96%"
"09.05.2018","26.5125","26.5234","26.6765","26.4718","","0.01%"
"08.05.2018","26.5108","26.3927","26.5597","26.3387","","0.46%"
"07.05.2018","26.3900","26.0596","26.4997","26.0154","","1.21%"
"04.05.2018","26.0748","25.9043","26.1311","25.8620","","0.76%"
"03.05.2018","25.8792","25.9184","26.0307","25.7644","","-0.17%"
"02.05.2018","25.9239","25.7995","26.1441","25.6716","","0.48%"
"01.05.2018","25.7993","25.7569","25.8683","25.5768","","0.11%"
"30.04.2018","25.7713","25.6579","25.9063","25.6032","","0.45%"
"27.04.2018","25.6556","26.1970","26.2183","25.6384","","-2.05%"
"26.04.2018","26.1933","26.2619","26.4195","26.0903","","-0.24%"
"25.04.2018","26.2565","26.3091","26.6761","26.1811","","-0.18%"
"24.04.2018","26.3041","26.4063","26.4196","26.2139","","-0.40%"
"23.04.2018","26.4098","25.9616","26.4366","25.9122","","1.78%"
"20.04.2018","25.9475","25.9853","26.2212","25.9126","","-0.16%"
"19.04.2018","25.9897","25.6898","26.1229","25.6308","","1.15%"
"18.04.2018","25.6932","25.7926","25.8276","25.5321","","-0.36%"
"17.04.2018","25.7870","25.8166","25.9200","25.6668","","-0.15%"
"16.04.2018","25.8256","25.7218","25.9051","25.6730","","0.50%"
"13.04.2018","25.6981","25.8853","25.9306","25.6855","","-0.70%"
"12.04.2018","25.8784","25.8443","25.9267","25.6806","","0.14%"
"11.04.2018","25.8429","25.8923","26.0167","25.7917","","-0.19%"
"10.04.2018","25.8927","25.9384","26.0256","25.7983","","-0.15%"
"09.04.2018","25.9323","25.7676","25.9902","25.7268","","0.61%"
"06.04.2018","25.7740","25.5078","25.8691","25.4855","","1.10%"
"05.04.2018","25.4944","25.4817","25.5382","25.2766","","0.03%"
"04.04.2018","25.4875","25.6140","25.7718","25.4281","","-0.49%"
"03.04.2018","25.6120","25.6239","25.6776","25.4925","","-0.07%"
"02.04.2018","25.6295","25.4863","25.7975","25.4627","","0.68%"
"30.03.2018","25.4557","25.5003","25.5775","25.4413","","-0.15%"
"29.03.2018","25.4936","25.7703","25.8204","25.4779","","-1.06%"
"28.03.2018","25.7675","26.0079","26.1395","25.6816","","-0.98%"
"27.03.2018","26.0220","26.1090","26.1342","25.8691","","-0.26%"
"26.03.2018","26.0909","26.1759","26.2840","25.9928","","-0.32%"
"23.03.2018","26.1734","26.2728","26.3857","26.1545","","-0.36%"
"22.03.2018","26.2671","26.0753","26.3289","26.0547","","0.75%"
"21.03.2018","26.0710","26.2695","26.2843","26.0120","","-0.76%"
"20.03.2018","26.2704","26.2276","26.3674","26.1907","","0.14%"
"19.03.2018","26.2346","26.0318","26.5117","26.0318","","0.70%"
"16.03.2018","26.0535","26.0591","26.2280","26.0061","","-0.04%"
"15.03.2018","26.0629","25.9532","26.1936","25.8740","","0.45%"
"14.03.2018","25.9458","25.9744","26.0263","25.8491","","-0.12%"
"13.03.2018","25.9771","25.8505","26.0481","25.7628","","0.50%"
"12.03.2018","25.8472","25.7667","25.9648","25.7555","","0.30%"
"09.03.2018","25.7702","25.7783","25.8511","25.6224","","-0.01%"
"08.03.2018","25.7739","26.0219","26.0445","25.6913","","-0.92%"
"07.03.2018","26.0144","26.0238","26.2779","25.9911","","-0.03%"
"06.03.2018","26.0234","26.0337","26.0775","25.8779","","-0.03%"
"05.03.2018","26.0309","25.9249","26.2157","25.9249","","0.30%"
"02.03.2018","25.9534","25.9512","26.2021","25.9165","","0.00%"
"01.03.2018","25.9544","25.9279","26.0599","25.8414","","0.11%"
"28.02.2018","25.9251","26.2266","26.2297","25.8815","","-1.09%"
"27.02.2018","26.2111","26.0776","26.2324","25.9929","","0.46%"
"26.02.2018","26.0901","25.9246","26.2062","25.9168","","0.78%"
"23.02.2018","25.8889","25.9759","26.0428","25.8790","","-0.35%"
"22.02.2018","25.9799","26.2145","26.2276","25.9699","","-0.91%"
"21.02.2018","26.2180","26.1939","26.2771","25.9837","","0.14%"
"20.02.2018","26.1818","25.9501","26.2077","25.8575","","0.87%"
"19.02.2018","25.9569","25.9923","26.0016","25.8814","","-0.19%"
"16.02.2018","26.0053","26.0982","26.1882","25.9158","","-0.30%"
"15.02.2018","26.0840","26.0254","26.1103","25.9084","","0.25%"
"14.02.2018","26.0181","25.9234","26.0274","25.7141","","0.35%"
"13.02.2018","25.9274","25.7375","25.9416","25.7126","","0.72%"
"12.02.2018","25.7429","25.8703","25.9264","25.6898","","-0.57%"
"09.02.2018","25.8900","26.3019","26.3596","25.8205","","-1.52%"
"08.02.2018","26.2909","26.0959","26.5008","26.0119","","0.75%"
"07.02.2018","26.0944","25.9586","26.1145","25.8280","","0.56%"
"06.02.2018","25.9498","26.2048","26.4685","25.9126","","-1.00%"
"05.02.2018","26.2127","26.2797","26.3752","26.0097","","-0.20%"
"02.02.2018","26.2654","26.1806","26.3524","26.1327","","0.35%"
"01.02.2018","26.1748","26.3889","26.5770","26.0882","","-0.84%"
"31.01.2018","26.3971","26.5636","26.6044","26.2922","","-0.59%"
"30.01.2018","26.5544","26.1866","26.5802","26.1216","","1.37%"
"29.01.2018","26.1955","26.1826","26.3067","26.0208","","0.01%"
"26.01.2018","26.1933","26.3238","26.4961","26.1218","","-0.45%"
"25.01.2018","26.3112","26.3589","26.4665","26.0990","","-0.15%"
"24.01.2018","26.3502","26.1761","26.4110","26.1639","","0.68%"
"23.01.2018","26.1734","26.1328","26.3894","26.0972","","0.15%"
"22.01.2018","26.1336","25.8189","26.1893","25.8035","","1.36%"
"19.01.2018","25.7817","25.8614","25.9536","25.7017","","-0.27%"
"18.01.2018","25.8507","25.8759","26.0720","25.7883","","-0.10%"
"17.01.2018","25.8773","25.8910","25.9617","25.6989","","-0.05%"
"16.01.2018","25.8892","25.9909","26.0340","25.7876","","-0.45%"
"15.01.2018","26.0055","26.1466","26.1882","25.8975","","-0.52%"
"12.01.2018","26.1410","26.1003","26.2310","25.9487","","0.20%"
"11.01.2018","26.0884","26.0568","26.2954","25.9809","","0.12%"
"10.01.2018","26.0563","26.0505","26.2355","25.9056","","0.03%"
"09.01.2018","26.0492","26.0904","26.1822","25.9638","","-0.14%"
"08.01.2018","26.0845","26.0264","26.1333","25.9442","","0.21%"
"05.01.2018","26.0296","26.1510","26.3130","26.0137","","-0.43%"
"04.01.2018","26.1430","26.1488","26.2490","26.0004","","-0.04%"
"03.01.2018","26.1538","26.5475","26.5681","26.1242","","-1.50%"
"02.01.2018","26.5526","26.5597","26.6072","26.3569","","0.02%"
"01.01.2018","26.5479","26.5601","26.5852","26.5188","","-0.05%"
"29.12.2017","26.5601","26.5075","26.6853","26.4412","","0.21%"
"28.12.2017","26.5056","26.3778","26.6075","26.3646","","0.48%"
"27.12.2017","26.3787","26.5735","26.6581","26.3693","","-0.72%"
"26.12.2017","26.5701","26.3997","26.6469","26.1019","","0.68%"
"25.12.2017","26.3905","26.3495","26.4427","26.3455","","0.09%"
"22.12.2017","26.3669","26.0582","26.4415","25.9853","","1.19%"
"21.12.2017","26.0562","25.6863","26.1385","25.6750","","1.43%"
"20.12.2017","25.6897","25.7156","25.8529","25.6818","","-0.09%"
"19.12.2017","25.7122","25.5352","25.7509","25.4333","","0.68%"
"18.12.2017","25.5374","25.4760","25.6076","25.3744","","0.20%"
"15.12.2017","25.4860","25.7227","25.7404","25.3938","","-0.93%"
"14.12.2017","25.7261","25.5220","25.7334","25.4609","","0.83%"
"13.12.2017","25.5151","25.5283","25.6761","25.4108","","-0.07%"
"12.12.2017","25.5327","25.4242","25.6122","25.3908","","0.44%"
"11.12.2017","25.4215","25.3470","25.4413","25.2681","","0.27%"
"08.12.2017","25.3542","25.5737","25.6485","25.3154","","-0.82%"
"07.12.2017","25.5629","25.2703","25.5948","25.2010","","1.18%"
"06.12.2017","25.2654","25.2178","25.3357","25.0516","","0.20%"
"05.12.2017","25.2157","25.0804","25.2563","24.8830","","0.51%"
"04.12.2017","25.0874","25.1169","25.2660","25.0177","","-0.03%"
"01.12.2017","25.0938","25.1993","25.2717","25.0572","","-0.43%"
"30.11.2017","25.2012","24.8937","25.2567","24.8698","","1.22%"
"29.11.2017","24.8965","24.7308","24.9216","24.7182","","0.65%"
"28.11.2017","24.7354","24.7498","24.8745","24.5455","","-0.06%"
"27.11.2017","24.7512","24.7522","24.7958","24.6199","","-0.09%"
"24.11.2017","24.7744","24.7963","24.9256","24.6733","","-0.03%"
"23.11.2017","24.7824","24.8434","24.8871","24.7255","","-0.25%"
"22.11.2017","24.8433","24.8586","24.9882","24.7765","","-0.05%"
"21.11.2017","24.8565","25.1337","25.2556","24.8371","","-1.12%"
"20.11.2017","25.1391","24.9872","25.2508","24.9789","","0.59%"
"17.11.2017","24.9920","25.1506","25.3312","24.9810","","-0.62%"
"16.11.2017","25.1484","25.3495","25.3729","25.1118","","-0.82%"
"15.11.2017","25.3558","25.2357","25.5373","25.1514","","0.48%"
"14.11.2017","25.2340","25.0883","25.2537","24.9152","","0.57%"
"13.11.2017","25.0903","25.1841","25.2051","24.9885","","-0.48%"
"10.11.2017","25.2103","25.0284","25.2534","24.9758","","0.73%"
"09.11.2017","25.0284","25.0408","25.1359","24.9521","","-0.04%"
"08.11.2017","25.0375","25.2164","25.2398","24.9284","","-0.73%"
"07.11.2017","25.2218","25.0578","25.2978","24.9803","","0.65%"
"06.11.2017","25.0577","25.1252","25.1266","24.9658","","-0.20%"
"03.11.2017","25.1091","24.8010","25.1674","24.7721","","1.28%"
"02.11.2017","24.7924","25.2515","25.3619","24.6888","","-1.84%"
"01.11.2017","25.2574","25.4377","25.5656","25.2425","","-0.70%"
"31.10.2017","25.4356","25.3946","25.4899","25.2928","","0.09%"
"30.10.2017","25.4138","25.1187","25.4989","25.0954","","1.16%"
"27.10.2017","25.1224","25.2745","25.2906","25.0479","","-0.60%"
"26.10.2017","25.2751","25.2481","25.3887","25.0396","","0.08%"
"25.10.2017","25.2553","25.2647","25.5489","25.1391","","-0.03%"
"24.10.2017","25.2638","25.1812","25.3203","25.1278","","0.33%"
"23.10.2017","25.1795","25.0317","25.2385","24.9711","","0.54%"
"20.10.2017","25.0452","24.7554","25.1294","24.6782","","1.20%"
"19.10.2017","24.7494","24.9032","24.9626","24.6974","","-0.63%"
"18.10.2017","24.9073","24.7589","24.9600","24.6654","","0.60%"